id,category,nearest_address,google_address,lat,lng,occurred_at,first_reported_at,last_updated_at,created_at
1,Other,,,,,,2018-12-28 05:15:00+00:00,2026-06-18 01:47:56.003784+00:00,2026-06-18 01:47:42.183744+00:00
2,Other,,,,,,2020-10-22 23:50:00+00:00,2026-06-18 01:47:42.299572+00:00,2026-06-18 01:47:42.299572+00:00
3,Robbery,University Way NE & NE 42nd St,"University Wy NE & NE 42nd St, Seattle, WA 98105, USA",47.6583193,-122.3132181,2020-04-10 05:15:00+00:00,2020-04-10 05:15:00+00:00,2026-06-18 01:47:47.562806+00:00,2026-06-18 01:47:42.750905+00:00
4,Suspicious Activity,NE 43rd St and University Way NE,"University Wy NE & NE 43rd St, Seattle, WA 98105, USA",47.659813,-122.3131781,,2019-09-21 06:07:00+00:00,2026-06-18 01:47:58.178381+00:00,2026-06-18 01:47:42.919490+00:00
5,Robbery,University Village,"2623 NE University Village St, Seattle, WA 98105, USA",47.6616885,-122.2990339,,2021-07-27 20:20:00+00:00,2026-06-18 01:47:49.029717+00:00,2026-06-18 01:47:42.940569+00:00
6,Medical Emergency,Drumheller Fountain,"Seattle, WA 98195, USA",47.6538254,-122.3078057,,2019-02-06 19:17:00+00:00,2026-06-18 01:47:48.152542+00:00,2026-06-18 01:47:42.977410+00:00
7,Fire,Fluke Hall,"Fluke Hall (FLK), 4045 NE Mason Rd, Seattle, WA 98105, USA",47.6558252,-122.3032192,2026-05-19 20:01:00+00:00,2026-05-19 20:01:00+00:00,2026-06-18 01:47:54.881042+00:00,2026-06-18 01:47:43.120200+00:00
8,Other,Central Plaza Garage,"1320 NE Campus Pkwy, Seattle, WA 98195, USA",47.6567754,-122.3118782,,2025-01-09 22:54:00+00:00,2026-06-18 01:47:48.414636+00:00,2026-06-18 01:47:43.122764+00:00
9,Robbery,4200 block of Roosevelt Way NE,"4200 Roosevelt Way NE, Seattle, WA 98105, USA",47.6583692,-122.3177829,,2023-08-28 18:29:00+00:00,2026-06-18 01:47:48.910458+00:00,2026-06-18 01:47:43.347005+00:00
10,Other,NE 47th St & Roosevelt Ave NE,"Roosevelt Way NE & NE 47th St, Seattle, WA 98105, USA",47.6631233,-122.3174342,2020-08-30 23:08:00+00:00,2020-08-30 23:08:00+00:00,2026-06-18 01:47:50.133177+00:00,2026-06-18 01:47:43.494894+00:00
11,Assault,NE 43rd Street and 15th Avenue NE,"15th Ave NE & NE 43rd St, Seattle, WA 98105, USA",47.6597947,-122.3119801,2018-09-04 16:00:00+00:00,2018-09-04 16:33:00+00:00,2026-06-18 01:47:49.458568+00:00,2026-06-18 01:47:43.501324+00:00
12,Other,7th Ave NE and I-5 Express Lanes,"7th Ave NE, Seattle, WA 98105, USA",47.6615148,-122.320748,,2022-03-20 20:25:00+00:00,2026-06-18 01:47:49.086331+00:00,2026-06-18 01:47:43.629827+00:00
13,Hazardous Materials,Denny Hall,"Klickitat Ln, Seattle, WA 98105, USA",47.6583844,-122.3088457,2026-04-02 16:34:00+00:00,2026-04-02 16:34:00+00:00,2026-06-18 01:48:02.145246+00:00,2026-06-18 01:47:43.775517+00:00
14,Fire,7th Avenue NE and NE 40th Street,"NE 40th St & 7th Ave NE, Seattle, WA 98105, USA",47.6559134,-122.3208597,,2023-11-20 20:56:00+00:00,2026-06-18 01:47:48.875786+00:00,2026-06-18 01:47:43.858795+00:00
15,Assault,4100 block of University Way,"4100 University Wy NE, Seattle, WA 98105, USA",47.6569846,-122.312919,2025-09-27 09:50:00+00:00,2025-09-27 09:58:00+00:00,2026-06-18 01:48:01.993527+00:00,2026-06-18 01:47:44.028007+00:00
16,Suspicious Activity,NE 47th and 18th Ave NE,"18th Ave NE & NE 47th St, Seattle, WA 98105, USA",47.6630653,-122.3083641,,2022-08-30 12:42:00+00:00,2026-06-18 01:47:51.218254+00:00,2026-06-18 01:47:44.159480+00:00
17,Other,Denny Field area near Hutchinson Hall,"1410 NE Campus Pkwy, Seattle, WA 98195, USA",47.6565919,-122.3126783,2018-11-29 22:00:00+00:00,2018-11-30 00:03:00+00:00,2026-06-18 01:47:57.267813+00:00,2026-06-18 01:47:44.165092+00:00
18,Assault,42nd Ave NE and Roosevelt Ave NE,"University Wy NE, Seattle, WA 98105, USA",47.6623124,-122.3131126,2022-12-24 20:46:00+00:00,2022-12-24 20:57:00+00:00,2026-06-18 01:48:05.880782+00:00,2026-06-18 01:47:44.260735+00:00
19,Other,Mechanical Engineering Building on East Stevens Way NE,"E Stevens Way NE, Seattle, WA, USA",47.6563213,-122.3046342,,2019-06-28 01:00:00+00:00,2026-06-18 01:47:49.788464+00:00,2026-06-18 01:47:44.318757+00:00
20,Robbery,4700 block of University Way,"4700 University Wy NE, Seattle, WA 98105, USA",47.6632344,-122.3129254,2023-06-01 02:15:00+00:00,2023-06-01 02:15:00+00:00,2026-06-18 01:48:03.879949+00:00,2026-06-18 01:47:44.343456+00:00
21,Robbery,Blakeley Village,"4747 30th Ave NE, Seattle, WA 98105, USA",47.6650304,-122.2970772,2024-01-14 04:20:00+00:00,2024-01-14 04:20:00+00:00,2026-06-18 01:47:58.571376+00:00,2026-06-18 01:47:44.723161+00:00
22,Medical Emergency,Montlake Blvd NE north of Montlake Bridge,"Montlake Bridge, Montlake Blvd NE, Seattle, WA 98112, USA",47.647327,-122.3046263,2019-08-01 13:17:00+00:00,2019-08-01 13:17:00+00:00,2026-06-18 01:47:51.204846+00:00,2026-06-18 01:47:44.781142+00:00
23,Assault,4700 block of Brooklyn Avenue,"4700 Brooklyn Ave NE, Seattle, WA 98105, USA",47.6633629,-122.3139112,2025-10-25 17:10:00+00:00,2025-10-25 17:20:00+00:00,2026-06-18 01:47:57.423663+00:00,2026-06-18 01:47:44.863821+00:00
24,Suspicious Activity,Savery Hall,"Chelan Ln NE, Seattle, WA 98195, USA",47.6572558,-122.3082225,2021-12-02 21:00:00+00:00,2021-12-02 22:08:00+00:00,2026-06-18 01:47:45.055933+00:00,2026-06-18 01:47:45.055933+00:00
25,Suspicious Activity,17th Ave NE between NE 47th St and NE 50th St,"17th Ave NE, Washington, USA",47.6994252,-122.3095172,,2021-11-10 14:27:00+00:00,2026-06-18 01:48:04.623629+00:00,2026-06-18 01:47:45.244433+00:00
26,Assault,Montlake Boulevard bus stop near Husky Stadium,"3800 Montlake Blvd NE, Seattle, WA 98105, USA",47.6503177,-122.3016101,2024-11-28 08:20:00+00:00,2024-11-28 08:30:00+00:00,2026-06-18 01:47:55.925364+00:00,2026-06-18 01:47:45.304486+00:00
27,Robbery,45th Street and University Way,"University Wy NE & NE 45th St, Seattle, WA 98105, USA",47.6612763,-122.3131354,2023-04-21 23:50:00+00:00,2023-04-22 00:00:00+00:00,2026-06-18 01:47:59.772929+00:00,2026-06-18 01:47:45.420148+00:00
28,Suspicious Activity,Hansee Hall,"Hansee Hall (HNS), Seattle, WA 98105, USA",47.6608248,-122.3065227,,2019-01-22 15:21:30+00:00,2026-06-18 01:47:51.777463+00:00,2026-06-18 01:47:45.454719+00:00
29,Other,,,,,,2020-03-03 20:28:00+00:00,2026-06-18 01:48:25.444981+00:00,2026-06-18 01:47:45.603781+00:00
30,Robbery,University Way NE and NE 43rd St,"University Wy NE & NE 43rd St, Seattle, WA 98105, USA",47.659813,-122.3131781,,2022-05-25 00:30:00+00:00,2026-06-18 01:47:51.323375+00:00,2026-06-18 01:47:45.732757+00:00
31,Robbery,NE 45th Street and 21st Avenue NE,"21st Ave NE & NE 45th St, Seattle, WA 98105, USA",47.6613108,-122.3054899,2022-01-25 04:40:00+00:00,2022-01-25 04:40:00+00:00,2026-06-18 01:47:59.886142+00:00,2026-06-18 01:47:45.781588+00:00
32,Robbery,NE 42nd St & 7th Ave NE,"NE 42nd St & 7th Ave NE, Seattle, WA 98105, USA",47.6575413,-122.3208346,2020-01-15 14:25:00+00:00,2020-01-15 14:41:00+00:00,2026-06-18 01:47:57.989595+00:00,2026-06-18 01:47:45.809829+00:00
33,Robbery,9th Avenue NE and 43rd Avenue NE,"9th Ave NE & NE 43rd St, Seattle, WA 98105, USA",47.6594624,-122.3188006,2023-04-05 19:40:00+00:00,2023-04-05 19:53:00+00:00,2026-06-18 01:48:08.376424+00:00,2026-06-18 01:47:45.970268+00:00
34,Assault,NE 52nd Street and 22nd Avenue NE,"NE 52nd St & 22nd Ave NE, Seattle, WA 98105, USA",47.6664563,-122.3043815,2024-02-08 19:00:00+00:00,2024-02-08 23:11:00+00:00,2026-06-18 01:47:46.162603+00:00,2026-06-18 01:47:46.162603+00:00
35,Other,Haggett Hall,"4290 Little Canoe Channel NE, Seattle, WA 98195, USA",47.6592919,-122.3036658,,2019-08-29 00:26:00+00:00,2026-06-18 01:47:46.256046+00:00,2026-06-18 01:47:46.256046+00:00
36,Other,"Blakeley Village, Stevens Court and Nordheim Court","4747 30th Ave NE, Seattle, WA 98105, USA",47.6650304,-122.2970772,,2019-03-18 03:00:00+00:00,2026-06-18 01:47:51.066181+00:00,2026-06-18 01:47:46.255972+00:00
37,Assault,17th and 45th,"17th Ave NE & NE 47th St, Seattle, WA 98105, USA",47.6630741,-122.3095116,,2025-08-01 02:18:00+00:00,2026-06-18 01:48:16.779685+00:00,2026-06-18 01:47:46.502582+00:00
38,Robbery,"NE 45th St, immediately southeast of U Village","NE 45th St & University Way NE, Seattle, WA 98105, USA",47.66125,-122.31322,2021-04-20 04:00:00+00:00,2021-04-20 04:28:00+00:00,2026-06-18 01:47:51.782365+00:00,2026-06-18 01:47:46.596894+00:00
39,Assault,University Way NE and 42nd Street NE,"University Wy NE & NE 42nd St, Seattle, WA 98105, USA",47.6583193,-122.3132181,2023-03-18 09:31:00+00:00,2023-03-18 09:31:00+00:00,2026-06-18 01:48:02.212271+00:00,2026-06-18 01:47:46.793513+00:00
40,Robbery,Sieg Hall,"Sieg Hall, Seattle, WA 98105, USA",47.6548574,-122.3065442,2024-05-25 01:10:00+00:00,2024-05-25 01:21:00+00:00,2026-06-18 01:48:04.101997+00:00,2026-06-18 01:47:46.876315+00:00
41,Other,,,,,,2022-11-30 00:24:00+00:00,2026-06-18 01:47:47.428046+00:00,2026-06-18 01:47:47.428046+00:00
42,Sexual Assault,Willow Hall,"1959 NE Pacific St, Seattle, WA 981950001, USA",47.6497254,-122.3072754,2024-08-25 23:20:00+00:00,2024-08-25 23:30:00+00:00,2026-06-18 01:47:58.841677+00:00,2026-06-18 01:47:48.052256+00:00
43,Assault,Portage Bay Garage,"Portage Bay Garage, 3745 15th Ave NE, Seattle, WA 98105, USA",47.6530427,-122.3139075,,2022-10-18 18:57:00+00:00,2026-06-18 01:47:59.155953+00:00,2026-06-18 01:47:51.503901+00:00
44,Other,,,,,,2020-01-14 13:54:00+00:00,2026-06-18 01:48:02.520634+00:00,2026-06-18 01:47:52.053384+00:00
45,Theft,Brooklyn Avenue NE and 47th Street,"Brooklyn Ave NE & NE 47th St, Seattle, WA 98105, USA",47.6631059,-122.314251,2023-09-19 18:37:00+00:00,2023-09-19 18:49:00+00:00,2026-06-18 01:48:05.371576+00:00,2026-06-18 01:47:54.144991+00:00
46,Other,University of Washington Seattle,"1410 NE Campus Pkwy, Seattle, WA 98195, USA",47.6565919,-122.3126783,,2019-02-12 01:58:00+00:00,2026-06-18 01:48:03.107684+00:00,2026-06-18 01:47:54.307851+00:00
47,Other,Physics/Astronomy Building,"Physics/Astronomy Building (PAB), 3910 15th Ave NE, Seattle, WA 98195, USA",47.6535177,-122.311715,,2018-09-22 04:04:00+00:00,2026-06-18 01:48:00.270178+00:00,2026-06-18 01:47:54.698477+00:00
48,Other,Brooklyn Ave NE and NE 45th St,"Brooklyn Ave NE & NE 45th St, Seattle, WA 98105, USA",47.6612896,-122.3143018,,2019-10-14 20:54:00+00:00,2026-06-18 01:48:55.331073+00:00,2026-06-18 01:47:55.872510+00:00
49,Other,,,,,,2019-02-05 02:22:00+00:00,2026-06-18 01:48:18.354975+00:00,2026-06-18 01:47:56.943674+00:00
50,Suspicious Activity,NE 45th St and 15th Ave NE,"15th Ave NE & NE 45th St, Seattle, WA 98105, USA",47.6612665,-122.311963,,2026-01-21 23:07:00+00:00,2026-06-18 01:48:27.249807+00:00,2026-06-18 01:47:57.909317+00:00
51,Suspicious Person,Pend Oreille Road NE & E Stevens Way NE,"Pend Oreille Road Northeast & E Stevens Way NE, Seattle, WA 98105, USA",47.6573391,-122.3046395,2024-02-05 22:22:00+00:00,2024-02-05 22:22:00+00:00,2026-06-18 01:48:12.627496+00:00,2026-06-18 01:48:02.054793+00:00
52,Other,"University Bridge, Seattle, WA","University Bridge, Roosevelt Way NE, Seattle, WA 98105, USA",47.6530136,-122.3201849,,2021-11-12 21:01:37+00:00,2026-06-18 01:48:19.447935+00:00,2026-06-18 01:48:03.072984+00:00
53,Other,,,,,,2018-08-24 14:06:00+00:00,2026-06-18 01:48:13.654005+00:00,2026-06-18 01:48:03.107743+00:00
54,Robbery,4300 block of University Way NE,"4300 University Wy NE, Seattle, WA 98105, USA",47.6599251,-122.3128745,2021-06-24 19:20:00+00:00,2021-06-24 19:20:00+00:00,2026-06-18 01:48:09.860964+00:00,2026-06-18 01:48:04.248431+00:00
55,Assault,NE 43rd St and University Way NE,"University Wy NE & NE 43rd St, Seattle, WA 98105, USA",47.659813,-122.3131781,2019-08-15 02:00:00+00:00,2019-08-15 02:45:48+00:00,2026-06-18 01:48:19.028632+00:00,2026-06-18 01:48:04.272569+00:00
56,Other,,,,,,2023-11-11 18:48:00+00:00,2026-06-18 01:48:04.487626+00:00,2026-06-18 01:48:04.487626+00:00
57,Other,,,,,,2019-07-26 18:01:40+00:00,2026-06-18 01:48:04.507813+00:00,2026-06-18 01:48:04.507813+00:00
58,Robbery,NE 42nd Street and University Way NE,"University Wy NE & NE 42nd St, Seattle, WA 98105, USA",47.6583193,-122.3132181,,2024-12-21 02:22:00+00:00,2026-06-18 01:48:22.435755+00:00,2026-06-18 01:48:04.609803+00:00
59,Other,,,,,,2019-02-06 01:07:00+00:00,2026-06-18 01:48:16.991617+00:00,2026-06-18 01:48:05.305299+00:00
60,Other,,,,,,2019-01-12 17:07:25+00:00,2026-06-18 01:48:26.233167+00:00,2026-06-18 01:48:05.697594+00:00
61,Assault,NE 47th St and 18th Ave NE,"18th Ave NE & NE 47th St, Seattle, WA 98105, USA",47.6630653,-122.3083641,2022-08-30 12:12:00+00:00,2022-08-30 12:21:00+00:00,2026-06-18 01:48:05.989149+00:00,2026-06-18 01:48:05.989149+00:00
62,Robbery,NE 42nd St and Brooklyn Ave NE,"Brooklyn Ave NE & NE 42nd St, Seattle, WA 98105, USA",47.6583315,-122.3143712,2022-03-05 08:53:00+00:00,2022-03-05 08:53:00+00:00,2026-06-18 01:48:12.267202+00:00,2026-06-18 01:48:06.355254+00:00
63,Other,"Hitchcock Hall, 15th Ave NE and NE Pacific St","1605 NE Pacific St #220, Seattle, WA 98195, USA",47.6519174,-122.3115175,,2019-06-11 19:40:00+00:00,2026-06-18 01:49:41.646676+00:00,2026-06-18 01:48:07.066223+00:00
64,Suspicious Activity,Center for Urban Horticulture,"3501 NE 41st St, Seattle, WA 98105, USA",47.6575198,-122.2900402,,2022-11-18 22:36:00+00:00,2026-06-18 01:48:37.021930+00:00,2026-06-18 01:48:07.231592+00:00
65,Other,,,,,,2022-04-20 22:12:00+00:00,2026-06-18 01:48:15.399447+00:00,2026-06-18 01:48:07.255196+00:00
66,Robbery,University Way NE and NE 47th St,"University Wy NE & NE 47th St, Seattle, WA 98105, USA",47.6631027,-122.3131021,,2020-08-28 17:53:00+00:00,2026-06-18 01:48:15.508849+00:00,2026-06-18 01:48:07.488204+00:00
67,Fire,Stevens Court,"Stevens Court, 3801 Brooklyn Ave NE, Seattle, WA 98105, USA",47.6541284,-122.3149576,,2020-09-30 12:16:00+00:00,2026-06-18 01:48:22.291016+00:00,2026-06-18 01:48:08.808586+00:00
68,Other,University of Washington Seattle campus,"UW Campus, Seattle, WA, USA",47.6567171,-122.3066181,2023-08-14 14:00:00+00:00,2023-08-14 14:00:00+00:00,2026-06-18 01:49:22.784213+00:00,2026-06-18 01:48:10.150823+00:00
69,Other,,,,,,2024-11-20 01:27:00+00:00,2026-06-18 01:48:11.795227+00:00,2026-06-18 01:48:11.795227+00:00
70,Other,,,,,,2020-03-24 03:53:00+00:00,2026-06-18 01:48:12.349840+00:00,2026-06-18 01:48:12.349840+00:00
71,Assault,NE 47th St and NE University Way,"NE 47th St, Seattle, WA 98105, USA",47.663147,-122.3009184,2019-05-13 11:30:00+00:00,2019-05-13 11:39:00+00:00,2026-06-18 01:48:26.637852+00:00,2026-06-18 01:48:14.190124+00:00
72,Other,"Stevens Court, Nordheim Court, Blakeley Village and Laurel Village","Stevens Court, 3801 Brooklyn Ave NE, Seattle, WA 98105, USA",47.6541284,-122.3149576,2018-12-27 15:32:00+00:00,2018-12-27 16:01:00+00:00,2026-06-18 01:48:27.678498+00:00,2026-06-18 01:48:14.673379+00:00
73,Suspicious Person,Schmitz Hall,"1400 NE Campus Pkwy, Seattle, WA 98105, USA",47.6565717,-122.3126899,2025-10-23 09:45:00+00:00,2025-10-23 09:45:00+00:00,2026-06-18 01:48:28.721281+00:00,2026-06-18 01:48:14.938126+00:00
74,Other,,,,,,2023-04-12 21:12:00+00:00,2026-06-18 01:48:14.959617+00:00,2026-06-18 01:48:14.959617+00:00
75,Other,,,,,,2024-08-20 14:10:00+00:00,2026-06-18 01:48:38.508291+00:00,2026-06-18 01:48:15.619066+00:00
76,Other,,,,,,2021-02-13 03:19:00+00:00,2026-06-18 01:48:25.419043+00:00,2026-06-18 01:48:15.657717+00:00
77,Robbery,NE 42nd Street and University Way NE,"University Wy NE & NE 42nd St, Seattle, WA 98105, USA",47.6583193,-122.3132181,,2022-01-16 08:32:00+00:00,2026-06-18 01:48:21.649782+00:00,2026-06-18 01:48:15.745383+00:00
78,Other,,,,,,2019-02-14 02:33:00+00:00,2026-06-18 01:48:15.954648+00:00,2026-06-18 01:48:15.954648+00:00
79,Other,Mountlake Boulevard NE near Intramural Activities Building (IMA),"1410 NE Campus Pkwy, Seattle, WA 98195, USA",47.6565919,-122.3126783,2024-01-09 22:45:00+00:00,2024-01-09 22:45:00+00:00,2026-06-18 01:48:26.653325+00:00,2026-06-18 01:48:16.144026+00:00
80,Other,,,,,,2020-01-15 06:58:00+00:00,2026-06-18 01:48:31.347603+00:00,2026-06-18 01:48:17.201684+00:00
81,Robbery,4700 block of 18th Ave. NE,"4700 18th Ave NE, Seattle, WA 98105, USA",47.6630834,-122.3083639,2022-10-09 12:52:00+00:00,2022-10-09 12:52:00+00:00,2026-06-18 01:48:41.402917+00:00,2026-06-18 01:48:17.725913+00:00
82,Fire,UW Medical Center Montlake Surgery Pavilion,"1959 NE Pacific St Surgery Pavilion Garage, Seattle, WA 98195, USA",47.6482241,-122.3051663,,2025-09-10 19:03:00+00:00,2026-06-18 01:48:23.483835+00:00,2026-06-18 01:48:17.956249+00:00
83,Suspicious Person,NE 45th St and University Way NE,"University Wy NE & NE 45th St, Seattle, WA 98105, USA",47.6612763,-122.3131354,,2019-09-19 17:51:00+00:00,2026-06-18 01:48:24.747936+00:00,2026-06-18 01:48:18.102395+00:00
84,Other,Henry Art Gallery and Odegaard Undergraduate Library,"15th Ave NE & University of Washington, NE 41st St, Seattle, WA 98195, USA",47.6562767,-122.3117218,,2026-03-25 16:56:00+00:00,2026-06-18 01:48:31.700454+00:00,2026-06-18 01:48:18.390075+00:00
85,Assault,Padelford Garage,"Seattle, WA 98105, USA",47.6571311,-122.3031491,,2023-03-10 04:24:00+00:00,2026-06-18 01:48:35.288619+00:00,2026-06-18 01:48:18.763430+00:00
86,Other,,,,,,2022-06-09 20:56:00+00:00,2026-06-18 01:48:30.401188+00:00,2026-06-18 01:48:18.924288+00:00
87,Robbery,24th Avenue NE and NE Blakeley Street,"24th Ave NE & NE Blakeley St, Seattle, WA 98105, USA",47.6658863,-122.30193,2023-10-28 15:18:00+00:00,2023-10-28 15:18:00+00:00,2026-06-18 01:48:24.749319+00:00,2026-06-18 01:48:19.902058+00:00
88,Assault,"5000 25th Avenue NE, Seattle","5000 25th Ave NE, Seattle, WA 98105, USA",47.6654852,-122.3004415,2026-05-10 22:20:00+00:00,2026-05-10 22:40:00+00:00,2026-06-18 01:51:18.350336+00:00,2026-06-18 01:48:20.336154+00:00
89,Other,NE 47th Street and NE University Way,"NE 47th St, Seattle, WA 98105, USA",47.663147,-122.3009184,2019-07-08 11:30:00+00:00,2019-07-08 15:12:00+00:00,2026-06-18 01:48:32.301771+00:00,2026-06-18 01:48:21.756645+00:00
90,Robbery,NE Campus Parkway and 12th Avenue NE,"12th Ave NE & NE Campus Pkwy, Seattle, WA 98105, USA",47.6562394,-122.3155941,2023-05-28 10:30:00+00:00,2023-05-28 10:40:00+00:00,2026-06-18 01:48:28.197784+00:00,2026-06-18 01:48:22.564129+00:00
91,Suspicious Activity,4300 block of Brooklyn Ave NE,"4300 Brooklyn Ave NE, Seattle, WA 98105, USA",47.6599822,-122.3139446,,2023-09-03 22:38:00+00:00,2026-06-18 01:48:27.970503+00:00,2026-06-18 01:48:22.616602+00:00
92,Fire,"Hansee Hall, Leary wing","Hansee Hall (HNS), Seattle, WA 98105, USA",47.6608248,-122.3065227,2024-05-11 17:35:00+00:00,2024-05-11 17:35:00+00:00,2026-06-18 01:48:52.331165+00:00,2026-06-18 01:48:24.120892+00:00
93,Other,,,,,,2019-02-11 01:06:00+00:00,2026-06-18 01:48:32.684891+00:00,2026-06-18 01:48:24.922409+00:00
94,Other,Paul G. Allen Center for Computer Science & Engineering,"185 E Stevens Way NE, Seattle, WA 98195, USA",47.6533298,-122.3056954,2021-10-29 01:30:00+00:00,2021-10-29 01:30:00+00:00,2026-06-18 01:49:41.601343+00:00,2026-06-18 01:48:25.402361+00:00
95,Robbery,Triangle Garage,"Triangle Garage, Seattle, WA 98195, USA",47.6501066,-122.3052517,,2021-05-13 16:42:00+00:00,2026-06-18 01:49:42.210541+00:00,2026-06-18 01:48:26.237638+00:00
96,Other,UW Seattle campus,"UW Campus, Seattle, WA, USA",47.6567171,-122.3066181,,2020-01-12 23:01:00+00:00,2026-06-18 01:48:36.595792+00:00,2026-06-18 01:48:26.522952+00:00
97,Robbery,NE 43rd Street and University Way NE,"University Wy NE & NE 43rd St, Seattle, WA 98105, USA",47.659813,-122.3131781,2024-02-01 22:11:00+00:00,2024-02-01 22:11:00+00:00,2026-06-18 01:48:57.986723+00:00,2026-06-18 01:48:29.125551+00:00
98,Other,,,,,,2022-04-08 16:08:00+00:00,2026-06-18 01:48:42.642772+00:00,2026-06-18 01:48:30.879558+00:00
99,Assault,19th Ave NE and NE 45th St,"19th Ave NE & NE 45th St, Seattle, WA 98105, USA",47.6612755,-122.3072661,,2023-04-05 04:38:00+00:00,2026-06-18 01:49:51.911230+00:00,2026-06-18 01:48:32.807967+00:00
100,Assault,5200 block of 20th Ave NE,"5200 20th Ave NE, Seattle, WA 98105, USA",47.6664974,-122.3062646,2018-08-18 05:00:00+00:00,2018-08-18 05:58:00+00:00,2026-06-18 01:49:50.340445+00:00,2026-06-18 01:48:33.997087+00:00
101,Other,Husky Union Building (HUB),"4001 E Stevens Way NE, Seattle, WA 98195, USA",47.6553893,-122.3050844,2026-01-12 10:15:00+00:00,2026-01-12 10:15:00+00:00,2026-06-18 01:49:42.646179+00:00,2026-06-18 01:48:34.167858+00:00
102,Robbery,NE 42nd Street and University Way NE,"University Wy NE & NE 42nd St, Seattle, WA 98105, USA",47.6583193,-122.3132181,2022-03-01 22:05:00+00:00,2022-03-01 22:23:00+00:00,2026-06-18 01:49:42.128304+00:00,2026-06-18 01:48:34.490140+00:00
103,Other,"Health Sciences Building, 1700 block of NE Columbia Road","1700 NE Columbia Rd, Seattle, WA 98195, USA",47.6495071,-122.3092614,2025-07-14 17:58:00+00:00,2025-07-14 17:58:00+00:00,2026-06-18 01:48:34.815580+00:00,2026-06-18 01:48:34.815580+00:00
104,Other,,,,,,2022-12-20 01:05:00+00:00,2026-06-18 01:49:45.688668+00:00,2026-06-18 01:48:35.208524+00:00
105,Other,"N22 parking lot, north of the HUB","Parking Area N22, 4062 E Stevens Way NE, Seattle, WA 98105, USA",47.6563121,-122.3050532,,2019-08-01 17:20:00+00:00,2026-06-18 01:49:59.693292+00:00,2026-06-18 01:48:38.403074+00:00
106,Other,,,,,,2019-02-04 13:16:00+00:00,2026-06-18 01:48:53.632650+00:00,2026-06-18 01:48:38.684255+00:00
107,Other,Mary Gates Hall,"Mary Gates Hall, NE Grant Ln, Seattle, WA 98195, USA",47.6549716,-122.3079505,2024-06-17 03:30:00+00:00,2024-06-17 05:30:00+00:00,2026-06-18 01:49:45.967194+00:00,2026-06-18 01:48:43.242647+00:00
108,Other,Stevens Way at Rainier Vista NE,"Stevens Way & Rainier Vista NE, Seattle, WA 98195, USA",47.65239,-122.30631,2025-08-20 23:56:00+00:00,2025-08-20 23:56:00+00:00,2026-06-18 01:49:44.924049+00:00,2026-06-18 01:48:44.512295+00:00
109,Other,,,,,,2019-02-13 01:12:00+00:00,2026-06-18 01:49:08.385990+00:00,2026-06-18 01:48:44.887317+00:00
110,Other,,,,,,2019-03-29 20:01:00+00:00,2026-06-18 01:48:45.785048+00:00,2026-06-18 01:48:45.785048+00:00
111,Other,,,,,2023-04-28 20:00:00+00:00,2023-04-28 20:07:00+00:00,2026-06-18 01:48:46.858456+00:00,2026-06-18 01:48:46.858456+00:00
112,Other,,,,,,2021-12-30 00:30:00+00:00,2026-06-18 01:48:47.637869+00:00,2026-06-18 01:48:47.637869+00:00
113,Other,Molecular Engineering & Sciences Building near Grant Lane and Stevens Way,"Molecular Engineering and Sciences, Seattle, WA 98195, USA",47.6545879,-122.3099857,2020-09-14 18:22:00+00:00,2020-09-14 18:22:00+00:00,2026-06-18 01:49:49.268799+00:00,2026-06-18 01:48:47.684296+00:00
114,Assault,U Way NE near 42nd,"University Wy NE, Seattle, WA 98105, USA",47.6623124,-122.3131126,2023-12-08 02:56:00+00:00,2023-12-08 02:56:00+00:00,2026-06-18 01:49:10.722733+00:00,2026-06-18 01:48:48.348516+00:00
115,Suspicious Activity,J&K Wing loading dock at the Health Sciences Building,"1607 NE Pacific St, Seattle, WA 98195, USA",47.6517799,-122.3105364,,2021-01-18 20:54:00+00:00,2026-06-18 01:49:48.980862+00:00,2026-06-18 01:48:49.758220+00:00
116,Assault,16th Avenue NE and NE 41st Street,"NE 41st St, Seattle, WA 98105, USA",47.658628,-122.2907104,2024-12-18 11:00:00+00:00,2024-12-18 11:17:00+00:00,2026-06-18 01:50:19.000354+00:00,2026-06-18 01:48:50.283737+00:00
117,Other,,,,,,2019-09-05 13:48:00+00:00,2026-06-18 01:48:55.887021+00:00,2026-06-18 01:48:50.934420+00:00
118,Other,Fluke Hall,"Fluke Hall (FLK), 4045 NE Mason Rd, Seattle, WA 98105, USA",47.6558252,-122.3032192,,2019-01-04 18:23:00+00:00,2026-06-18 01:48:57.199648+00:00,2026-06-18 01:48:51.382064+00:00
119,Other,,,,,,2022-03-23 16:29:00+00:00,2026-06-18 01:49:03.000235+00:00,2026-06-18 01:48:57.900447+00:00
120,Robbery,15th Avenue NE and NE 45th Street,"15th Ave NE & NE 45th St, Seattle, WA 98105, USA",47.6612665,-122.311963,2024-01-25 21:00:00+00:00,2024-01-25 21:00:00+00:00,2026-06-18 01:49:10.670608+00:00,2026-06-18 01:48:58.616642+00:00
121,Assault,NE 43rd St & U Way NE,"University Wy NE & NE 43rd St, Seattle, WA 98105, USA",47.659813,-122.3131781,2022-10-02 08:05:00+00:00,2022-10-02 08:15:00+00:00,2026-06-18 01:49:29.975612+00:00,2026-06-18 01:49:02.180802+00:00
122,Other,,,,,,2021-12-10 00:03:00+00:00,2026-06-18 01:49:10.670780+00:00,2026-06-18 01:49:04.676215+00:00
123,Robbery,University Way and NE 43rd Street,"University Wy NE & NE 43rd St, Seattle, WA 98105, USA",47.659813,-122.3131781,2024-04-27 03:05:00+00:00,2024-04-27 03:18:00+00:00,2026-06-18 01:49:23.925732+00:00,2026-06-18 01:49:11.577788+00:00
124,Suspicious Activity,NE 43rd St and University Way NE,"University Wy NE & NE 43rd St, Seattle, WA 98105, USA",47.659813,-122.3131781,2019-01-26 05:35:00+00:00,2019-01-26 05:35:00+00:00,2026-06-18 01:49:17.524562+00:00,2026-06-18 01:49:11.715155+00:00
125,Fire,UW Medical Center,"1959 NE Pacific St Main Hospital, Seattle, WA 98195, USA",47.6498254,-122.3080279,,2019-10-02 22:33:00+00:00,2026-06-18 01:49:27.812190+00:00,2026-06-18 01:49:13.520532+00:00
126,Assault,43rd & University Way,"University Wy NE & NE 43rd St, Seattle, WA 98105, USA",47.659813,-122.3131781,2024-01-28 06:00:00+00:00,2024-01-28 06:00:00+00:00,2026-06-18 01:49:26.461695+00:00,2026-06-18 01:49:15.240480+00:00
127,Other,More Hall,"More Hall (Mor), Seattle, WA 98195, USA",47.6527845,-122.3053084,,2024-01-19 03:29:00+00:00,2026-06-18 01:49:40.764967+00:00,2026-06-18 01:49:29.016587+00:00
128,Suspicious Person,Red Square,"4063 Spokane Ln, Seattle, WA 98105, USA",47.6559917,-122.3094694,,2023-11-25 18:32:00+00:00,2026-06-18 01:50:58.160898+00:00,2026-06-18 01:49:30.066976+00:00
129,Suspicious Activity,1600 block of NE 50th Street,"1600 NE 50th St, Seattle, WA 98105, USA",47.6648884,-122.3108112,2024-04-16 11:25:00+00:00,2024-04-16 11:50:00+00:00,2026-06-18 01:49:46.877268+00:00,2026-06-18 01:49:41.250775+00:00
130,Assault,"Red Square, east end","4063 Spokane Ln, Seattle, WA 98105, USA",47.6559917,-122.3094694,2024-10-03 22:30:00+00:00,2024-10-03 22:50:00+00:00,2026-06-18 01:49:53.965755+00:00,2026-06-18 01:49:41.757355+00:00
131,Suspicious Activity,,,,,,2018-12-13 18:49:00+00:00,2026-06-18 01:49:49.137674+00:00,2026-06-18 01:49:43.173366+00:00
132,Other,,,,,,2020-05-31 22:46:00+00:00,2026-06-18 01:49:45.410728+00:00,2026-06-18 01:49:45.410728+00:00
133,Other,Raitt Hall,"1901 Chelan Ln NE, Seattle, WA 98195, USA",47.657897,-122.3072388,,2019-11-18 19:02:00+00:00,2026-06-18 01:49:52.349274+00:00,2026-06-18 01:49:46.878883+00:00
134,Other,NE 45th Street and 20th Avenue NE,"20th Ave NE & NE 45th St, Seattle, WA 98105, USA",47.6612734,-122.3065425,,2026-03-18 02:03:00+00:00,2026-06-18 01:49:46.879579+00:00,2026-06-18 01:49:46.879579+00:00
135,Assault,U District Light Rail station on Brooklyn Ave NE,"Brooklyn Ave NE, Seattle, WA, USA",47.6612896,-122.3143018,2022-05-26 01:19:00+00:00,2022-05-26 01:19:00+00:00,2026-06-18 01:49:59.258978+00:00,2026-06-18 01:49:46.907471+00:00
136,Robbery,"Key Bank, NE 45th St. and Brooklyn Ave. NE","4700 Brooklyn Ave NE Ste B, Seattle, WA 98105, USA",47.6635196,-122.3139066,,2020-01-28 21:36:00+00:00,2026-06-18 01:49:54.241395+00:00,2026-06-18 01:49:48.692192+00:00
137,Other,"Bowman Building, Union Bay Place NE","1410 NE Campus Pkwy, Seattle, WA 98195, USA",47.6565919,-122.3126783,2019-09-25 18:33:00+00:00,2019-09-25 18:33:00+00:00,2026-06-18 01:49:58.388827+00:00,2026-06-18 01:49:48.777189+00:00
138,Fire,4554 19th Avenue NE,"4554 19th Ave NE, Seattle, WA 98105, USA",47.6627908,-122.3068764,,2025-07-05 11:25:00+00:00,2026-06-18 01:49:55.546673+00:00,2026-06-18 01:49:49.730818+00:00
139,Motor Vehicle Incident,4500 block of University Way NE,"4500 University Wy NE #4512, Seattle, WA 98105, USA",47.6614455,-122.3128352,,2023-07-14 17:09:00+00:00,2026-06-18 01:49:56.504349+00:00,2026-06-18 01:49:49.990555+00:00
140,Assault,Safeway near University Village,"2623 NE University Village St, Seattle, WA 98105, USA",47.6616885,-122.2990339,,2020-06-03 23:05:00+00:00,2026-06-18 01:49:49.995844+00:00,2026-06-18 01:49:49.995844+00:00
141,Other,NE 45th Street and 19th Avenue NE,"19th Ave NE & NE 45th St, Seattle, WA 98105, USA",47.6612755,-122.3072661,,2022-09-12 19:52:00+00:00,2026-06-18 01:50:04.664602+00:00,2026-06-18 01:49:51.277789+00:00
142,Suspicious Person,NE 47th St and 16th Ave NE,"NE 47th St & 16th Ave NE, Seattle, WA 98105, USA",47.6630808,-122.3108451,,2023-01-26 22:22:00+00:00,2026-06-18 01:50:11.905388+00:00,2026-06-18 01:49:53.656114+00:00
143,Robbery,1400 block of NE 42nd St,"1400 NE 42nd St, Seattle, WA 98105, USA",47.6583192,-122.3132124,2022-10-28 03:35:00+00:00,2022-10-28 03:50:00+00:00,2026-06-18 01:50:10.084614+00:00,2026-06-18 01:49:55.472835+00:00
144,Other,Alder Commons,"Alder Hall, 1315 NE Campus Pkwy, Seattle, WA 98105, USA",47.6558487,-122.3139318,,2021-05-06 17:08:00+00:00,2026-06-18 01:49:58.544294+00:00,2026-06-18 01:49:58.544294+00:00
145,Fire,Fluke Hall,"Fluke Hall (FLK), 4045 NE Mason Rd, Seattle, WA 98105, USA",47.6558252,-122.3032192,2019-05-21 20:00:00+00:00,2019-05-21 20:22:00+00:00,2026-06-18 01:49:59.654809+00:00,2026-06-18 01:49:59.654809+00:00
146,Other,,,,,,2020-05-31 00:30:00+00:00,2026-06-18 01:50:15.399833+00:00,2026-06-18 01:50:00.240490+00:00
147,Fire,"Hitchcock Hall, near NE Pacific Ave. and 15th Ave. NE","1605 NE Pacific St #220, Seattle, WA 98195, USA",47.6519174,-122.3115175,,2022-12-13 22:30:00+00:00,2026-06-18 01:50:14.136724+00:00,2026-06-18 01:50:02.399368+00:00
148,Robbery,NE 42nd Street and University Way NE,"University Wy NE & NE 42nd St, Seattle, WA 98105, USA",47.6583193,-122.3132181,,2022-01-25 08:08:00+00:00,2026-06-18 01:50:09.386559+00:00,2026-06-18 01:50:03.645791+00:00
149,Other,,,,,,2019-02-09 01:08:00+00:00,2026-06-18 01:50:25.114875+00:00,2026-06-18 01:50:06.487029+00:00
150,Robbery,Drumheller Fountain,"Seattle, WA 98195, USA",47.6538254,-122.3078057,2024-05-27 17:45:00+00:00,2024-05-27 18:18:00+00:00,2026-06-18 01:50:18.185427+00:00,2026-06-18 01:50:06.903939+00:00
151,Fire,Roosevelt Way NE and NE 50th St,"Roosevelt Way NE & NE 50th St, Seattle, WA 98105, USA",47.66494,-122.3174183,,2020-12-24 21:15:00+00:00,2026-06-18 01:50:07.047764+00:00,2026-06-18 01:50:07.047764+00:00
152,Disturbance,University Village,"2623 NE University Village St, Seattle, WA 98105, USA",47.6616885,-122.2990339,,2020-06-01 21:10:00+00:00,2026-06-18 01:50:42.309397+00:00,2026-06-18 01:50:08.526095+00:00
153,Robbery,C10 parking lot just south of Anderson Hall,"Anderson Hall (And), Seattle, WA 98105, USA",47.6517622,-122.3075402,,2026-02-15 09:24:00+00:00,2026-06-18 01:50:15.725336+00:00,2026-06-18 01:50:10.496726+00:00
154,Assault,1300 block of NE 42nd Street,"1300 NE 42nd St, Seattle, WA 98105, USA",47.6583315,-122.3143653,2019-11-05 13:21:00+00:00,2019-11-05 13:21:00+00:00,2026-06-18 01:50:17.582086+00:00,2026-06-18 01:50:10.819188+00:00
155,Robbery,4500 block of Roosevelt Way NE,"4500 Roosevelt Way NE, Seattle, WA 98105, USA",47.6615126,-122.3171002,2020-01-22 20:20:00+00:00,2020-01-22 20:31:00+00:00,2026-06-18 01:50:19.648100+00:00,2026-06-18 01:50:13.198955+00:00
156,Assault,NE 43rd Street and University Way NE,"University Wy NE & NE 43rd St, Seattle, WA 98105, USA",47.659813,-122.3131781,,2023-03-23 21:54:00+00:00,2026-06-18 01:50:50.093721+00:00,2026-06-18 01:50:14.436584+00:00
157,Robbery,E19 parking lot,"Snohomish Ln S, Seattle, WA 98105, USA",47.6498077,-122.303857,2021-07-29 13:15:00+00:00,2021-07-29 13:15:00+00:00,2026-06-18 01:50:26.991891+00:00,2026-06-18 01:50:20.690369+00:00
158,Fire,Center for Urban Horticulture,"3501 NE 41st St, Seattle, WA 98105, USA",47.6575198,-122.2900402,,2022-09-02 10:08:00+00:00,2026-06-18 01:50:35.708784+00:00,2026-06-18 01:50:20.922388+00:00
159,Other,1401 NE 42nd Street,"1401 NE 42nd St, Seattle, WA 98105, USA",47.658208,-122.313014,2022-10-27 22:20:00+00:00,2022-10-27 22:20:00+00:00,2026-06-18 01:50:45.274666+00:00,2026-06-18 01:50:30.019233+00:00
160,Other,,,,,,2023-01-10 21:24:00+00:00,2026-06-18 01:50:38.118543+00:00,2026-06-18 01:50:30.492924+00:00
161,Suspicious Activity,Kane Hall 130,"4069 Spokane Ln NE, Seattle, WA 98105, USA",47.6566273,-122.3091503,,2022-12-01 19:41:00+00:00,2026-06-18 01:50:53.003991+00:00,2026-06-18 01:50:31.669765+00:00
162,Robbery,4500 block of 19th Avenue NE,"4500 19th Ave NE, Seattle, WA 98105, USA",47.6612755,-122.3072661,2024-12-10 22:15:00+00:00,2024-12-10 22:15:00+00:00,2026-06-18 01:51:15.242586+00:00,2026-06-18 01:50:56.588207+00:00
163,Fire,Northlake Way between 6th Avenue and 7th Avenue NE,"NE Northlake Way & 6th Ave NE, Seattle, WA 98105, USA",47.6544873,-122.3225053,2023-03-22 09:00:00+00:00,2023-03-22 17:19:00+00:00,2026-06-18 01:51:23.087896+00:00,2026-06-18 01:51:12.965112+00:00
164,Other,,,,,2026-05-07 20:00:00+00:00,2026-05-07 21:10:00+00:00,2026-06-18 01:54:01.396416+00:00,2026-06-18 01:51:55.816350+00:00
165,Other,central area of campus,"1410 NE Campus Pkwy, Seattle, WA 98195, USA",47.6565919,-122.3126783,,2026-05-01 16:35:00+00:00,2026-06-18 01:56:17.836365+00:00,2026-06-18 01:56:06.658105+00:00
