id,category,nearest_address,google_address,lat,lng,occurred_at,first_reported_at,last_updated_at,created_at,last_scraped_hash,status,num_suspects,weapon,suspect_at_large
1,Hazardous Materials,Denny Hall,"Klickitat Ln, Seattle, WA 98105, USA",47.6583844,-122.3088457,,2026-04-02 16:34:00+00:00,2026-08-13 02:34:22.168852+00:00,2026-08-13 02:33:59.997916+00:00,3dbe231da43a8ef57db8abfd692521d243ab48f27d9b1fad687a81790ce269a4,resolved,,,
2,Fire,Fluke Hall,"Fluke Hall (FLK), 4045 NE Mason Rd, Seattle, WA 98105, USA",47.6558252,-122.3032192,,2026-05-19 20:01:00+00:00,2026-08-13 02:34:10.905276+00:00,2026-08-13 02:34:00.322057+00:00,0a0b0b554568b9d3835a21e04b681c72d1a4d2fe3cc3d2f1b18d512f0451e54e,resolved,,,
3,Announcement,,,,,,2022-06-09 20:56:00+00:00,2026-08-13 02:34:11.084803+00:00,2026-08-13 02:34:01.666248+00:00,faeec352dd198c040efd51b263c6c919be6a45df2a18167ccf709e41c57a70a9,resolved,,,
4,Shooting,NE 47th Street and University Way NE,"University Wy NE & NE 47th St, Seattle, WA 98105, USA",47.6631027,-122.3131021,,2025-02-27 06:24:00+00:00,2026-08-13 02:34:07.975514+00:00,2026-08-13 02:34:02.229736+00:00,988b5d3afc74adc1f995ac056cfd7570b230b0f661688bbcfe4daf1b7519ca01,active,1.0,Unknown,True
5,Announcement,,,,,,2019-01-12 17:07:25+00:00,2026-08-13 02:34:14.172461+00:00,2026-08-13 02:34:02.457554+00:00,6c51890600a833e2dcc3f3a0eb9e869b1ad3b90957c2c917a8546336a87a2fa3,resolved,,,
6,Hazardous Materials,Central Plaza Garage,"1320 NE Campus Pkwy, Seattle, WA 98195, USA",47.6567754,-122.3118782,,2025-01-09 22:54:00+00:00,2026-08-13 02:34:07.526221+00:00,2026-08-13 02:34:02.581936+00:00,80ae59a284783c5cfef061da36e4a4b4070c8eee96fc39e50fe1af5e25575c5c,resolved,,,
7,Announcement,"Health Sciences Building, wing D in the 1700 block of NE Columbia Road","1700 NE Columbia Rd, Seattle, WA 98195, USA",47.6495071,-122.3092614,2025-07-14 10:58:00+00:00,2025-07-14 10:58:00+00:00,2026-08-13 02:34:02.688176+00:00,2026-08-13 02:34:02.688176+00:00,6b8b968fca77c850144c1f0a0c2623c65722efa16dee7ab0eaf9681c680d5626,resolved,,,
8,Shooting,NE 47th and 18th Ave NE,"18th Ave NE & NE 47th St, Seattle, WA 98105, USA",47.6630653,-122.3083641,,2022-08-30 12:42:00+00:00,2026-08-13 02:34:08.760440+00:00,2026-08-13 02:34:02.759066+00:00,25910cd658feb57cce9b8d62d5827740a087465691c727cbaa8145f144cbd776,cleared,,,
9,Fire,Stevens Court,"3801 Brooklyn Ave NE, Seattle, WA 98105, USA",47.6544842,-122.316196,,2020-09-30 12:16:00+00:00,2026-08-13 02:34:16.193305+00:00,2026-08-13 02:34:03.052886+00:00,d74958b992d7ddeced6bd136621bdd596ecbdb7520b83be3537f0b4e4fe5c5ff,cleared,,,
10,Announcement,,,,,,2019-09-05 13:48:00+00:00,2026-08-13 02:34:07.840466+00:00,2026-08-13 02:34:03.160644+00:00,a4cf68aab1c3ceb01f61402f19bfb8156d8d7e89706777f346b87f3d8fbbc52e,resolved,,,
11,Announcement,,,,,,2020-03-23 20:53:00+00:00,2026-08-13 02:34:03.473633+00:00,2026-08-13 02:34:03.473633+00:00,5c9606dfe107f21383acf46f8d58ab76b99a99336c94969991ed7c409345b95d,resolved,,,
12,Suspicious Activity,,,,,,2018-12-13 18:49:00+00:00,2026-08-13 02:34:09.556679+00:00,2026-08-13 02:34:03.672458+00:00,bf380353731881cd0c4d9cb28be3f1b6c567d76bbe2a616c36610c648dc91250,resolved,,,
13,Announcement,,,,,,2021-10-20 12:03:00+00:00,2026-08-13 02:34:03.756551+00:00,2026-08-13 02:34:03.756551+00:00,5ebbad0acc8183bb676882b3d82c19bbd15396460a11e9965ac4975a55ffa948,,,,
14,Robbery,1400 block of NE 42nd St,"1400 NE 42nd St, Seattle, WA 98105, USA",47.6583192,-122.3132124,2022-10-27 20:35:00+00:00,2022-10-27 20:50:00+00:00,2026-08-13 02:34:16.350803+00:00,2026-08-13 02:34:04.005454+00:00,c551f556d71993ee6494d4163346562197943344dde3592bddbdd3515b3ff5cc,active,1.0,Handgun,True
15,Fire,UW Medical Center,"1959 NE Pacific St Main Hospital, Seattle, WA 98195, USA",47.6498254,-122.3080279,,2019-10-02 22:33:00+00:00,2026-08-13 02:34:19.837014+00:00,2026-08-13 02:34:04.005453+00:00,93fa2bb4b762d4ec136560effc1c2494f71adf89aff8454af3181282a7ff7a3c,cleared,,,
16,Suspicious Person,Schmitz Hall,"1400 NE Campus Pkwy, Seattle, WA 98105, USA",47.6565717,-122.3126899,,2025-10-23 16:45:00+00:00,2026-08-13 02:34:17.713683+00:00,2026-08-13 02:34:04.069155+00:00,b4a89764fb01c4d77cc66da7925dad98ff2f2e7ff27b0cc8401de42f035375d6,resolved,1.0,None,False
17,Shooting,4100 block of University Way,"4100 University Wy NE, Seattle, WA 98105, USA",47.6569846,-122.312919,2025-09-27 02:50:00+00:00,2025-09-27 02:58:00+00:00,2026-08-13 02:34:22.386576+00:00,2026-08-13 02:34:04.574331+00:00,4dc4d7a193845c397b823c81b91bca09fc2e351bed2f8394d0b86e186f07041f,active,6.0,Unknown,True
18,Robbery,near 24th Avenue NE and NE Blakeley Street,"24th Ave NE & NE Blakeley St, Seattle, WA 98105, USA",47.6658863,-122.30193,,2023-10-28 08:18:00+00:00,2026-08-13 02:34:08.772393+00:00,2026-08-13 02:34:04.574475+00:00,e7605d076315fe5c3405b4aeea3740730d12523fe65d2de72bee281f13cd2d96,cleared,2.0,Handgun,True
19,Robbery,4200 block of University Way NE,"University Wy NE & NE 42nd St, Seattle, WA 98105, USA",47.6583193,-122.3132181,,2020-04-09 22:15:00+00:00,2026-08-13 02:34:09.438379+00:00,2026-08-13 02:34:04.574784+00:00,3b3d7467bd15472baf0cbfc72fb982099e722ada11d8737cc03329fcaf152d7f,active,1.0,Knife,True
20,Robbery,4700 block of 18th Ave. NE,"4700 18th Ave NE, Seattle, WA 98105, USA",47.6630834,-122.3083639,,2022-10-09 05:52:00+00:00,2026-08-13 02:34:31.400358+00:00,2026-08-13 02:34:04.688387+00:00,a4cedbc6b6bfc042ea18b22d1020dafb7af5ccfca373c3af89a0d2fcb55f0f4c,cleared,1.0,Handgun,True
21,Announcement,,,,,,2022-04-08 16:08:00+00:00,2026-08-13 02:34:10.807945+00:00,2026-08-13 02:34:04.757088+00:00,8cc77cb5bf12c5588f1d237ee9fcede0572511de147981184e6cfc1b2dc93abd,resolved,,,
22,Hazardous Materials,Physics/Astronomy Building,"Physics/Astronomy Building (PAB), 3910 15th Ave NE, Seattle, WA 98195, USA",47.6535177,-122.311715,,2018-09-22 04:04:00+00:00,2026-08-13 02:34:09.866597+00:00,2026-08-13 02:34:04.813227+00:00,01038ce03dbdab8ccd3a0387adb2e0b3a1250bc1a16e45fd858a9bdd7f64d61c,cleared,,,
23,Suspicious Person,NE 47th St. near 16th Ave. NE,"NE 47th St & 16th Ave NE, Seattle, WA 98105, USA",47.6630808,-122.3108451,,2023-01-26 14:22:00+00:00,2026-08-13 02:34:19.242942+00:00,2026-08-13 02:34:04.828559+00:00,76954dfc18893dcf024142f41531f7afde76cc53d0962f3332c6eccc2d941fd2,cleared,1.0,Handgun,True
24,Robbery,15th Avenue NE and NE 45th Street,"15th Ave NE & NE 45th St, Seattle, WA 98105, USA",47.6612665,-122.311963,2024-01-25 21:00:00+00:00,2024-01-25 21:00:00+00:00,2026-08-13 02:34:16.953851+00:00,2026-08-13 02:34:04.910125+00:00,674412886c00cf1a37c598dff588c3870f569567808a4fe5d1b0dc59278b87c5,resolved,1.0,None,True
25,Announcement,,,,,,2021-12-29 16:30:00+00:00,2026-08-13 02:34:04.925208+00:00,2026-08-13 02:34:04.925208+00:00,9af1857518449862d2be3b0ef73dc0055c9a8974ec1824d4a935a46973f97659,,,,
26,Robbery,4300 block of University Way NE,"4300 University Wy NE, Seattle, WA 98105, USA",47.6599251,-122.3128745,,2021-06-24 12:20:00+00:00,2026-08-13 02:34:10.943316+00:00,2026-08-13 02:34:05.225764+00:00,bd0a0d685d74bad74a1618dd6adc888630b6f75b3c6b5840d38c61df669df63a,resolved,1.0,Handgun,False
27,Robbery,near Sieg Hall,"Sieg Hall, Seattle, WA 98105, USA",47.6548574,-122.3065442,2024-05-24 18:10:00+00:00,2024-05-24 18:21:00+00:00,2026-08-13 02:34:26.646103+00:00,2026-08-13 02:34:05.266810+00:00,aaa8fa7f3f68d2930453353944e265f335e980ad61ffa931a6b24468954923da,active,2.0,Handgun,True
28,Robbery,NE Campus Parkway and 12th Avenue NE,"12th Ave NE & NE Campus Pkwy, Seattle, WA 98105, USA",47.6562394,-122.3155941,2023-05-28 03:30:00+00:00,2023-05-28 03:40:00+00:00,2026-08-13 02:34:10.806859+00:00,2026-08-13 02:34:05.280477+00:00,627c12051c4349bf44ceb27c65f15129c032f16a18be43f81423beb70e8ef860,active,6.0,Other Firearm,
29,Shooting,U Way NE near 42nd,"University Wy NE, Seattle, WA 98105, USA",47.6623124,-122.3131126,,2023-12-08 02:56:00+00:00,2026-08-13 02:34:26.800289+00:00,2026-08-13 02:34:05.345130+00:00,1fbee0890b1f6d718acaca9031ca2f255827880c95433402655ea23b7b61410d,active,1.0,Handgun,True
30,Hazardous Materials,Raitt Hall in the Quad,"1901 Chelan Ln NE, Seattle, WA 98195, USA",47.657897,-122.3072388,,2019-11-18 11:02:00+00:00,2026-08-13 02:34:10.807181+00:00,2026-08-13 02:34:05.468666+00:00,0350ec09487d90a631995060e88776e0e5939c0414680b45f0a43c7d8832edf5,cleared,,,
31,Robbery,4200 block of Roosevelt Way NE,"4200 Roosevelt Way NE, Seattle, WA 98105, USA",47.6583692,-122.3177829,,2023-08-28 18:29:00+00:00,2026-08-13 02:34:10.804862+00:00,2026-08-13 02:34:05.604121+00:00,71069cd2f51f252d902802bc2588274848f73841b6134ce16be917aeac6324fe,cleared,3.0,Handgun,
32,Shooting,NE 52nd Street and 22nd Avenue NE,"NE 52nd St & 22nd Ave NE, Seattle, WA 98105, USA",47.6664563,-122.3043815,2024-02-08 19:00:00+00:00,2024-02-08 23:11:00+00:00,2026-08-13 02:34:05.616167+00:00,2026-08-13 02:34:05.616167+00:00,ceff42c5cdd43ff2d7603db75d144e872e5104b00066e88b0af50af0cdcc2250,active,1.0,Handgun,True
33,Hazardous Materials,Hitchcock Hall,"1605 NE Pacific St #220, Seattle, WA 98195, USA",47.6519174,-122.3115175,,2022-12-13 22:30:00+00:00,2026-08-13 02:34:15.715410+00:00,2026-08-13 02:34:05.674960+00:00,a64f6fd4ff79d7adedef8eba60343c598b347b3721f10db299f3bd3fb0ac254f,cleared,,,
34,Robbery,9th & 43rd,"9th Ave NE & NE 43rd St, Seattle, WA 98105, USA",47.6594624,-122.3188006,2023-04-05 12:40:00+00:00,2023-04-05 12:53:00+00:00,2026-08-13 02:34:31.135832+00:00,2026-08-13 02:34:05.846245+00:00,ef710d27157325f53a5d02639c682328b7796aacd66da8615a4a31157853ff98,active,1.0,Handgun,True
35,Homicide / Death Investigation,NE 47th St. and NE University Way,"NE 47th St, Seattle, WA 98105, USA",47.663147,-122.3009184,2019-07-08 11:30:00+00:00,2019-07-08 15:12:00+00:00,2026-08-13 02:34:16.582602+00:00,2026-08-13 02:34:06.095255+00:00,5912c1ca31b446197087b1ab5067224c7a4d8b9716441d22e83a73175c5237a6,active,0.0,Unknown,True
36,Announcement,University Bridge,"University Bridge, Roosevelt Way NE, Seattle, WA 98105, USA",47.6530136,-122.3201849,,2021-11-12 21:01:37+00:00,2026-08-13 02:34:22.346120+00:00,2026-08-13 02:34:06.108225+00:00,b685a03bb630cc39708f34bf9137f6ce0f8d769fe643ded1f96b69016edd6c2f,resolved,,,
37,Fire,Roosevelt Way NE and NE 50th St,"Roosevelt Way NE & NE 50th St, Seattle, WA 98105, USA",47.66494,-122.3174183,,2020-12-24 21:15:00+00:00,2026-08-13 02:34:06.355652+00:00,2026-08-13 02:34:06.355652+00:00,85f7f51d5d145c2999c461146b1b6470da5ddee3ac19c0a89dcf6b3b4ebd21c3,active,,,
38,Robbery,"NE 45th St, immediately southeast of U Village","NE 45th St & University Way NE, Seattle, WA 98105, USA",47.66125,-122.31322,2021-04-20 04:00:00+00:00,2021-04-20 04:28:00+00:00,2026-08-13 02:34:11.875012+00:00,2026-08-13 02:34:06.442159+00:00,b5a2520cd0a1becdb416094823e90028897739a2cdcaa879e57773418cf325fe,cleared,1.0,Other Firearm,True
39,Shooting,NE 47th St and NE University Way,"NE 47th St, Seattle, WA 98105, USA",47.663147,-122.3009184,2019-05-13 11:30:00+00:00,2019-05-13 11:39:00+00:00,2026-08-13 02:34:17.964329+00:00,2026-08-13 02:34:06.615590+00:00,fabdb4629e82c906740c2b3496e78700cd86b52337b2c124fe57cf1678c2d30f,cleared,1.0,Handgun,True
40,Sexual Assault,Willow Hall,"Seattle, WA 98105, USA",47.652506,-122.3106768,2024-08-25 23:20:00+00:00,2024-08-25 23:30:00+00:00,2026-08-13 02:34:16.723715+00:00,2026-08-13 02:34:06.664716+00:00,ea600887e97ded1850d1caa015d25403482b20627ad6ed7d71e26de368153b77,active,1.0,Unknown,True
41,Robbery,NE 42nd St & 7th Ave NE,"NE 42nd St & 7th Ave NE, Seattle, WA 98105, USA",47.6575413,-122.3208346,2020-01-15 14:25:00+00:00,2020-01-15 14:41:00+00:00,2026-08-13 02:34:18.676290+00:00,2026-08-13 02:34:06.975498+00:00,8ee8fd1f0c8473770b1b61bb7533725d3e12dc86119fcc1196e4faabc67cc0ca,cleared,1.0,Handgun,True
42,Assault,Montlake Boulevard bus stop near Husky Stadium,"3800 Montlake Blvd NE, Seattle, WA 98105, USA",47.6503177,-122.3016101,2024-11-28 00:20:00+00:00,2024-11-28 00:30:00+00:00,2026-08-13 02:34:16.961093+00:00,2026-08-13 02:34:06.985023+00:00,25e7739fc677ef5b7c325e7e055b2390ad2e6ca219605cd2e186933983846b32,active,1.0,Knife,True
43,Announcement,,,,,2026-01-22 21:22:00+00:00,2026-01-22 18:05:00+00:00,2026-08-13 02:34:07.804137+00:00,2026-08-13 02:34:07.804137+00:00,d92ebe4e57c3eb560865bed3ddaf79dc0a834910f3e662719b05ad0307cfc6cc,,,,
44,Robbery,NE 42nd Street and University Way NE,"University Wy NE & NE 42nd St, Seattle, WA 98105, USA",47.6583193,-122.3132181,2022-03-01 22:05:00+00:00,2022-03-01 22:23:00+00:00,2026-08-13 02:34:14.513240+00:00,2026-08-13 02:34:08.396701+00:00,8fdb50c83bf63b9fcb858b6ead307d97f95e44b8f1361041a2e92a475701ebd8,cleared,1.0,Handgun,True
45,Shooting,5200 block of 20th Ave. NE,"5200 20th Ave NE, Seattle, WA 98105, USA",47.6664974,-122.3062646,2018-08-18 05:00:00+00:00,2018-08-18 05:58:00+00:00,2026-08-13 02:34:22.636131+00:00,2026-08-13 02:34:08.523478+00:00,3a3b177236078503d303cad9bb92561c096605280fd35862f46d3826ff1deefa,active,1.0,Unknown,True
46,Robbery,NE 45th Street and Brooklyn Avenue NE,"Brooklyn Ave NE & NE 45th St, Seattle, WA 98105, USA",47.6612896,-122.3143018,2025-05-31 23:30:00+00:00,2025-05-31 23:40:00+00:00,2026-08-13 02:34:14.120709+00:00,2026-08-13 02:34:08.715058+00:00,1d7ba46a012a6de882949b004c2fc100d7051ad872530f52b7e1fb864513aafe,active,1.0,Handgun,True
47,Announcement,,,,,,2019-02-11 01:06:00+00:00,2026-08-13 02:34:17.104155+00:00,2026-08-13 02:34:09.268134+00:00,4d9c22fa02da072f65e6307ae1c744aa42313a6d701d48595fcddab0b569834d,,,,
48,Homicide / Death Investigation,Red Square near Kane Hall,"4069 Spokane Ln NE, Seattle, WA 98105, USA",47.6566273,-122.3091503,,2026-07-28 13:36:00+00:00,2026-08-13 02:34:18.730209+00:00,2026-08-13 02:34:10.806692+00:00,15ba6d3db22fb09c0a28c4a2426077050e66addd370fac48687d59afaa0ad0dd,cleared,,None,False
49,Announcement,,,,,,2020-06-03 16:05:00+00:00,2026-08-13 02:34:12.208584+00:00,2026-08-13 02:34:12.208584+00:00,9e1eae3a3f8cba6cf588da535d2c63cb6759f1c3ad3de4eb4174e2bf86e93b97,,,,
50,Announcement,,,,,,2019-02-04 14:15:00+00:00,2026-08-13 02:34:32.194481+00:00,2026-08-13 02:34:16.056364+00:00,baba0451589523379f5d67ba41a5c647f2f69aaa9a11a916f25be10da6983d9f,,,,
51,Fire,4554 19th Avenue NE,"4554 19th Ave NE, Seattle, WA 98105, USA",47.6627908,-122.3068764,,2025-07-05 11:25:00+00:00,2026-08-13 02:34:23.809584+00:00,2026-08-13 02:34:18.155208+00:00,8c6dc1dd03f6e41f1a7bb80b3d3935805b423e596a5df67c4d57252f39e1a2ee,cleared,,,
52,Announcement,,,,,,2021-12-09 16:03:00+00:00,2026-08-13 02:34:24.034020+00:00,2026-08-13 02:34:18.460894+00:00,1dba2185a9f674d7dbc0f5cfb0fc5ed1c6493d2ef49f83d6ca303237ab954bea,resolved,,,
53,Announcement,,,,,,2020-03-03 20:28:00+00:00,2026-08-13 02:36:10.562318+00:00,2026-08-13 02:34:20.253446+00:00,d68f5201923e999cc3e40b716217c63aebbe674cd53fcf1a12c8f8cbb06aec35,resolved,,,
54,Robbery,"E19 parking lot, immediately south of Husky Stadium","3800 Montlake Blvd NE, Seattle, WA 98105, USA",47.6503177,-122.3016101,2021-07-29 13:15:00+00:00,2021-07-29 13:15:00+00:00,2026-08-13 02:34:26.664080+00:00,2026-08-13 02:34:20.961969+00:00,36c8a0baa53ebc834b2b58014f0b11a7a5a32870edfcf597d6547e374c53f39f,cleared,4.0,Handgun,True
55,Announcement,,,,,,2020-10-22 16:50:00+00:00,2026-08-13 02:34:21.843686+00:00,2026-08-13 02:34:21.843686+00:00,641dc6fcad74a3964438d341278af1776e30dae7ff9efcb8367d49fa969226ca,,,,
56,Announcement,,,,,,2023-10-19 16:40:00+00:00,2026-08-13 02:34:22.871644+00:00,2026-08-13 02:34:22.871644+00:00,42ccf90a2923491e5a7420eda01453574684c50e113947c699e1f7a9524a0593,resolved,,,
57,Announcement,,,,,,2022-03-23 16:29:00+00:00,2026-08-13 02:34:29.429239+00:00,2026-08-13 02:34:24.853387+00:00,0b645f875196e1107d36094c4032657329278d71bab4af2e31f04326357f4ceb,cleared,,,
58,Suspicious Person,Pend Oreille Road NE & E Stevens Way NE,"Pend Oreille Road Northeast & E Stevens Way NE, Seattle, WA 98105, USA",47.6573391,-122.3046395,2024-02-05 22:22:00+00:00,2024-02-05 22:22:00+00:00,2026-08-13 02:34:34.995046+00:00,2026-08-13 02:34:24.980728+00:00,fdf914e20ea42943a2a174fc6c6fa0d232e446390cda0ecd11b75347aae03578,active,1.0,Knife,True
59,Announcement,,,,,,2023-04-28 13:07:00+00:00,2026-08-13 02:34:25.058987+00:00,2026-08-13 02:34:25.058987+00:00,7905cbf1a7d77a119e2e8399ae5eb8cf6573c532e4baee6b2e42045316d93aee,active,,,
60,Announcement,Haggett Hall,"4290 Little Canoe Channel NE, Seattle, WA 98195, USA",47.6592919,-122.3036658,,2019-08-28 17:26:00+00:00,2026-08-13 02:34:25.107767+00:00,2026-08-13 02:34:25.107767+00:00,ab8c2ea1188e37266d96d1e4d75f440c1bf992e50e3449e192b38ff512249ea9,,,,
61,Shooting,NE 47th St and 18th Ave NE,"18th Ave NE & NE 47th St, Seattle, WA 98105, USA",47.6630653,-122.3083641,2022-08-30 12:12:00+00:00,2022-08-30 12:21:00+00:00,2026-08-13 02:34:25.496706+00:00,2026-08-13 02:34:25.496706+00:00,e9ba3b905a3231574812b6435a59fc3baf922a377909e1101e4507c9535dda71,active,1.0,Unknown,True
62,Robbery,42nd and UWay,"University Wy NE & NE 42nd St, Seattle, WA 98105, USA",47.6583193,-122.3132181,,2024-12-21 02:22:00+00:00,2026-08-13 02:34:41.555790+00:00,2026-08-13 02:34:26.436969+00:00,3002379227dbcbd10cfd898091ee1fc1e5e67ad1c073655e86f276f2cfcf09dc,active,2.0,Handgun,True
63,Shooting,NE 45th St and 15th Ave NE,"15th Ave NE & NE 45th St, Seattle, WA 98105, USA",47.6612665,-122.311963,,2026-01-21 23:07:00+00:00,2026-08-13 02:36:10.692280+00:00,2026-08-13 02:34:27.321548+00:00,2e70c719b1cc1cbf68f2efc828b32feee4a3010a55ae972a0490fd60c1bd5e52,active,2.0,Unknown,True
64,Announcement,,,,,2018-09-06 14:00:00+00:00,2018-09-06 13:58:00+00:00,2026-08-13 02:34:27.367047+00:00,2026-08-13 02:34:27.367047+00:00,fbd3a54f92f6fe071f45c8fdfe2207c1af8d4ffddd46783f663563adb5239d98,,,,
65,Robbery,Triangle Garage,"1959 NE Pacific St Main Hospital, Seattle, WA 98195, USA",47.6498254,-122.3080279,,2021-05-13 16:42:00+00:00,2026-08-13 02:36:00.592093+00:00,2026-08-13 02:34:27.492887+00:00,dbbdd27799ccc42c922e699a66e56ea930186a79bde8c11a3541af1cfe1e301f,resolved,1.0,Handgun,False
66,Assault,1300 block of NE 42nd Street,"1300 NE 42nd St, Seattle, WA 98105, USA",47.6583315,-122.3143653,2019-11-05 05:21:00+00:00,2019-11-05 05:21:00+00:00,2026-08-13 02:34:34.962603+00:00,2026-08-13 02:34:28.712363+00:00,e34dddcae2bace678fe3b625cbbe7efe51ea203af314018aa0298ce0e71d46b4,cleared,2.0,Unknown,True
67,Civil Unrest,University Village,"2623 NE University Village St, Seattle, WA 98105, USA",47.6616885,-122.2990339,,2020-06-01 14:10:00+00:00,2026-08-13 02:36:19.865793+00:00,2026-08-13 02:34:30.315859+00:00,ba1abb095ed8d7a5f29b3449b75a0507f2c7e931c0765d4afcfb5433dc1b531e,active,,,
68,Assault,U District Light Rail station on Brooklyn,"Brooklyn Ave NE, Seattle, WA, USA",47.6612896,-122.3143018,,2022-05-25 18:19:00+00:00,2026-08-13 02:34:42.268394+00:00,2026-08-13 02:34:30.427274+00:00,c98137177364ee7aebf358ff0f7dfbdfc4db2f4603be2fc429e2741f34ccf07d,active,1.0,Knife,True
69,Announcement,Denny Field area near Hutchinson Hall,"W Stevens Wy NE, Seattle, WA 98105, USA",47.6596284,-122.3066685,2018-11-29 22:00:00+00:00,2018-11-30 00:03:00+00:00,2026-08-13 02:34:41.522690+00:00,2026-08-13 02:34:30.619248+00:00,90cc3a4460544987541d4ff7ee627b096389915ba470b73c59b5a96a2c20d2b3,resolved,,,
70,Hazardous Materials,Fluke Hall,"Fluke Hall (FLK), 4045 NE Mason Rd, Seattle, WA 98105, USA",47.6558252,-122.3032192,,2019-01-04 18:23:00+00:00,2026-08-13 02:34:36.511709+00:00,2026-08-13 02:34:31.485604+00:00,0108b9b4bf894e9fc5800048e8718b64e68cc226bad69184fcdd870197c5997d,resolved,,,
71,Announcement,West Campus/Portage Bay Crossing,,,,2023-08-14 14:00:00+00:00,2023-08-14 14:49:00+00:00,2026-08-13 02:38:09.623312+00:00,2026-08-13 02:34:31.789155+00:00,e5499788867031cb723760a5dd38a6a976a35cfac0362dc823c198707b790ef9,cleared,,,
72,Hazardous Materials,Mechanical Engineering Building on East Stevens Way NE,"E Stevens Way NE, Seattle, WA, USA",47.6563213,-122.3046342,,2019-06-27 18:00:00+00:00,2026-08-13 02:34:37.719460+00:00,2026-08-13 02:34:32.357277+00:00,2793d1c73cd3cfbd29ee1dad20e8b61075fc5a3ff98d4a40c3277112c4867891,cleared,,,
73,Announcement,,,,,,2025-10-16 09:44:00+00:00,2026-08-13 02:34:32.474952+00:00,2026-08-13 02:34:32.474952+00:00,a21a309455a209a4caa83ae202c68fb400fa66d2a813f2534803fe586d3ef989,resolved,,,
74,Robbery,NE 42nd Street and University Way NE,"University Wy NE & NE 42nd St, Seattle, WA 98105, USA",47.6583193,-122.3132181,,2022-01-25 00:08:00+00:00,2026-08-13 02:34:38.166694+00:00,2026-08-13 02:34:32.992035+00:00,ead1448211a75d83dcca56d264632f3d03fa9c6895d95e739ea8746909c58f8d,cleared,2.0,Unknown,True
75,Announcement,,,,,,2024-11-19 17:27:00+00:00,2026-08-13 02:34:33.016305+00:00,2026-08-13 02:34:33.016305+00:00,eb53277f9dce042543179e7809a7bbb63a32b9196c1b7e2107a74ee47edea599,active,,,
76,Announcement,,,,,,2025-02-06 04:32:00+00:00,2026-08-13 02:34:55.752948+00:00,2026-08-13 02:34:33.073018+00:00,5315da2f00112bb147b87fb7f07550adc8e2460e09a6e5fa29825516287e9965,cleared,,,
77,Announcement,,,,,,2019-03-29 13:01:00+00:00,2026-08-13 02:34:33.077719+00:00,2026-08-13 02:34:33.077719+00:00,ed758e32d1e093a6e8a6765d61d9b9bda133ff8b9c70659652120cb03106d809,resolved,,,
78,Announcement,,,,,,2020-03-27 09:33:00+00:00,2026-08-13 02:34:33.508644+00:00,2026-08-13 02:34:33.508644+00:00,54f6604704d24702b307ada769f0a4ed4333117012e455bfe365ffd101846742,,,,
79,Announcement,,,,,,2024-08-20 14:10:00+00:00,2026-08-13 02:34:56.135291+00:00,2026-08-13 02:34:34.074334+00:00,7651edcb98e0854a4cc89e8a60ce26b93ca8fc4d36389ac7e8baf7b357279bf5,resolved,,,
80,Hazardous Materials,Molecular Engineering & Sciences Building,"Molecular Engineering and Sciences, Seattle, WA 98195, USA",47.6545879,-122.3099857,,2020-09-14 18:22:00+00:00,2026-08-13 02:35:59.868655+00:00,2026-08-13 02:34:34.494914+00:00,2faf9914c0b537808a9fa083f4acba217629ba7878294c6ff9e6178a33b883f2,cleared,,,
81,Assault,5200 block of 15th Ave. NE,"5200 15th Ave NE, Seattle, WA 98105, USA",47.666656,-122.311634,,2025-05-21 16:39:00+00:00,2026-08-13 02:36:12.991818+00:00,2026-08-13 02:34:34.730328+00:00,978b2ab08e2887128ae40cae0e75502515b3bfb5ae4695aa4f08ce82ba6aa14d,resolved,1.0,Knife,False
82,Announcement,,,,,,2021-02-13 03:19:00+00:00,2026-08-13 02:34:45.444226+00:00,2026-08-13 02:34:34.924715+00:00,bd962683e8695692bab02502e7358b15223ccc90ae4e072e0888bee72b752f2c,active,,,
83,Suspicious Activity,Kane Hall Room 130,"Kane Hall (KNE), 4069 Spokane Ln, Seattle, WA 98195, USA",47.6566273,-122.3091503,,2022-12-01 19:41:00+00:00,2026-08-13 02:36:08.781406+00:00,2026-08-13 02:34:34.962595+00:00,5b6397fda9dd5cfe7723a318cd3ef87209dc3678d20af418363c686a5f6adfe3,resolved,,,
84,Hazardous Materials,More Hall,"More Hall (Mor), Seattle, WA 98195, USA",47.6527845,-122.3053084,,2024-01-18 19:29:00+00:00,2026-08-13 02:35:58.368430+00:00,2026-08-13 02:34:35.733051+00:00,b8e1e304179d03ad6bb3c05aff9e62f67a938f7c5ab373a552a229833fe81fd5,resolved,,,
85,Hazardous Materials,NE 42nd Street and University Way NE,"1401 NE 42nd St, Seattle, WA 98105, USA",47.658208,-122.313014,,2022-10-27 22:20:00+00:00,2026-08-13 02:35:59.628078+00:00,2026-08-13 02:34:35.782132+00:00,58760befd8bae007069acac4fb539c8ba0e054072197d1c1e9b542d243dcde5a,active,,,
86,Announcement,,,,,,2023-01-10 21:24:00+00:00,2026-08-13 02:34:44.629405+00:00,2026-08-13 02:34:36.366176+00:00,340b6c1592341e8495afc7b61419d69c8024f81b4ea9da79c76186d1cb66925a,resolved,,,
87,Theft,Brooklyn Avenue NE and 47th Street,"Brooklyn Ave NE & NE 47th St, Seattle, WA 98105, USA",47.6631059,-122.314251,2023-09-19 18:37:00+00:00,2023-09-19 18:49:00+00:00,2026-08-13 02:36:00.632623+00:00,2026-08-13 02:34:37.231136+00:00,7f194b4498864b99ec6698a4bb16a1f26abc8b1299114505cc7cf03c542e15e7,cleared,1.0,None,True
88,Fire,UW Medical Center Montlake Surgery Pavilion,"1959 NE Pacific St Surgery Pavilion Garage, Seattle, WA 98195, USA",47.6482241,-122.3051663,,2025-09-10 12:03:00+00:00,2026-08-13 02:34:42.797483+00:00,2026-08-13 02:34:38.199638+00:00,e5d6992a52e5f694d45774bfaae06232ce5fabc309294c622c0367cd8b534ca6,cleared,,,
89,Announcement,,,,,,2019-02-08 01:08:00+00:00,2026-08-13 02:36:13.109690+00:00,2026-08-13 02:34:38.340010+00:00,360f8d8f7450f932eb02088155f09d52c0c799548f9849a59cab9624f4840cfe,,,,
90,Hazardous Materials,Henry Art Gallery and Odegaard Undergraduate Library,"15th Ave NE & University of Washington, NE 41st St, Seattle, WA 98195, USA",47.6562767,-122.3117218,,2026-03-25 09:56:00+00:00,2026-08-13 02:36:07.344683+00:00,2026-08-13 02:34:38.616225+00:00,716442285efcf6495881177aced8932ada9031c87e4eae5e2c2761f95198a04d,cleared,,,
91,Announcement,University Way NE between NE 41st Street and NE 42nd Street,"1410 NE Campus Pkwy, Seattle, WA 98195, USA",47.6565919,-122.3126783,,2026-07-18 02:08:00+00:00,2026-08-13 02:34:38.706589+00:00,2026-08-13 02:34:38.706589+00:00,ea3934b68cdbd0500169240a11c34c4a10545e53954dede6613244fbb55eec7b,active,,,
92,Announcement,,,,,,2020-10-14 16:30:00+00:00,2026-08-13 02:34:38.789264+00:00,2026-08-13 02:34:38.789264+00:00,946d1fcdc8f3359cc6433ffa2165a7b21744f25452a8652cd75b6564143b241e,,,,
93,Announcement,,,,,,2020-01-14 22:58:00+00:00,2026-08-13 02:36:06.433731+00:00,2026-08-13 02:34:38.936952+00:00,0cb75d4b9c7b6fb6eb5ceac58ad18350cedd470a6a88465eab05fcc0ac4ee290,active,,,
94,Suspicious Activity,Savery Hall,"Chelan Ln NE, Seattle, WA 98195, USA",47.6572558,-122.3082225,2021-12-02 21:00:00+00:00,2021-12-02 21:00:00+00:00,2026-08-13 02:34:41.500119+00:00,2026-08-13 02:34:41.500119+00:00,29f4a6fd20e25b2f5a9306e0c3c874e95961d9a03eb67e94d0bc776ebcf5caf9,resolved,1.0,None,False
95,Robbery,45th Street and University Way,"University Wy NE & NE 45th St, Seattle, WA 98105, USA",47.6612763,-122.3131354,2023-04-21 16:50:00+00:00,2023-04-21 17:00:00+00:00,2026-08-13 02:36:08.061873+00:00,2026-08-13 02:34:41.594173+00:00,d8acd4b64a806eaf041e6be006f6b3e217169569db69529d2d044b2eaf64f8a8,cleared,1.0,Unknown,True
96,Shooting,University Way NE and 42nd Street NE,"University Wy NE & NE 42nd St, Seattle, WA 98105, USA",47.6583193,-122.3132181,,2023-03-18 09:31:00+00:00,2026-08-13 02:36:09.426562+00:00,2026-08-13 02:34:42.460206+00:00,6b1b950f15bdbf2ad2c529e6b5d375e9203562d502bd0a5612b77832aa4212ef,cleared,1.0,Handgun,True
97,Robbery,17th Ave NE between NE 47th St. and NE 50th St.,"17th Ave NE, Washington, USA",47.6994252,-122.3095172,,2021-11-10 14:27:00+00:00,2026-08-13 02:36:16.370266+00:00,2026-08-13 02:34:42.799252+00:00,a32fef924c94855696835ec688c7f1b7ca1d0333f0c5c35a8d5877bf512a3c33,cleared,1.0,Unknown,False
98,Homicide / Death Investigation,NE 43rd St and University Way NE,"University Wy NE & NE 43rd St, Seattle, WA 98105, USA",47.659813,-122.3131781,2019-08-15 02:00:00+00:00,2019-08-15 02:45:48+00:00,2026-08-13 02:36:13.701308+00:00,2026-08-13 02:34:43.174089+00:00,5b7896a04c3ecd75b2125b745a7d4fd8d7351f7344db6d035f03e863fbfd1956,active,,Knife,True
99,Hazardous Materials,"Bowman Building, Union Bay Place NE","1410 NE Campus Pkwy, Seattle, WA 98195, USA",47.6565919,-122.3126783,,2019-09-25 18:33:00+00:00,2026-08-13 02:36:03.883120+00:00,2026-08-13 02:34:43.316973+00:00,e69badc64c62e627ade59890ba4d01ec6ef5013726b477dacf06615c4fa6342a,cleared,,,
100,Shooting,Brooklyn Ave NE & NE 47th St,"Brooklyn Ave NE & NE 47th St, Seattle, WA 98105, USA",47.6631059,-122.314251,2025-06-09 02:30:00+00:00,2025-06-09 02:51:00+00:00,2026-08-13 02:36:21.685734+00:00,2026-08-13 02:34:43.895798+00:00,3ab20d5fd21302366eeddb9161fe50ecfe6f584d332248ef5be90b450c2a3459,active,2.0,Handgun,True
101,Robbery,University Village,"2623 NE University Village St, Seattle, WA 98105, USA",47.6616885,-122.2990339,,2021-07-27 20:20:00+00:00,2026-08-13 02:35:58.850641+00:00,2026-08-13 02:34:43.970541+00:00,0159f94a456b47b3949c5f5f2185140f51ca9e21df10428f90b7f1507be880a6,cleared,1.0,Handgun,True
102,Medical Emergency,Montlake Blvd. NE just north of the Montlake Bridge,"Montlake Bridge, Montlake Blvd NE, Seattle, WA 98112, USA",47.647327,-122.3046263,,2019-08-01 06:17:00+00:00,2026-08-13 02:36:00.062956+00:00,2026-08-13 02:34:44.505185+00:00,e8287f43c158db0b54d3d5e5b950aa50128448cd766d5a8b2d4b4db35a0f8327,cleared,,,
103,Announcement,,,,,,2019-03-17 20:00:00+00:00,2026-08-13 02:36:00.055540+00:00,2026-08-13 02:34:44.530405+00:00,4ebbde8d8c0064f085faaa46fda2abe2d4f185c1f6a94b2fbd81551ae609c79a,resolved,,,
104,Fire,"Hansee Hall, Leary wing","4340 Little Canoe Channel NE, Seattle, WA 98105, USA",47.659729,-122.3047954,,2024-05-12 00:35:00+00:00,2026-08-13 02:36:24.034958+00:00,2026-08-13 02:34:46.793483+00:00,9222e77a676095b2137b7129f0e5651ce0822909df578dc0cec93f9ae68aeab4,resolved,,,
105,Announcement,,,,,,2024-10-17 09:48:00+00:00,2026-08-13 02:34:47.188120+00:00,2026-08-13 02:34:47.188120+00:00,a31f0ac6f3aa4d1f74c6f3b772bbd261e117973c319f64cc0198acb734918fcf,,,,
106,Homicide / Death Investigation,Nordheim Court Apartments building 7,"5000 25th Ave NE, Seattle, WA 98105, USA",47.6654852,-122.3004415,2026-05-10 22:20:00+00:00,2026-05-10 22:40:00+00:00,2026-08-13 02:40:37.267146+00:00,2026-08-13 02:34:47.279339+00:00,4502d601df56cb8b11f1c55012fa4ba25acb9439ec467f24729850798457cc8d,resolved,1.0,Knife,False
107,Suspicious Person,Red Square,"4063 Spokane Ln, Seattle, WA 98105, USA",47.6559917,-122.3094694,,2023-11-25 18:32:00+00:00,2026-08-13 02:37:10.442041+00:00,2026-08-13 02:34:47.679113+00:00,4fcb46fe5bbece151fd13b1d7bcac30756493c1d29869855c4607a8d30fa352d,resolved,1.0,None,False
108,Announcement,,,,,,2019-02-13 01:12:00+00:00,2026-08-13 02:36:13.024275+00:00,2026-08-13 02:34:54.852396+00:00,3eabf4f9e0eeea40c8b44f55b135ca5e090c076356bed87930a612eec51e6748,,,,
109,Assault,19th Ave. NE just north of NE 45th St.,"19th Ave NE & NE 45th St, Seattle, WA 98105, USA",47.6612755,-122.3072661,,2023-04-04 21:38:00+00:00,2026-08-13 02:36:06.713525+00:00,2026-08-13 02:35:07.812006+00:00,dcbfdce01db7868941d64fa81b301574309a0cc5a5ab9e489f68ec8d7cf43cbf,resolved,1.0,Knife,False
110,Shooting,7th Ave. NE and the I-5 Express Lanes on- and off-ramps,"7th Ave NE, Seattle, WA 98105, USA",47.6615148,-122.320748,,2022-03-20 20:25:00+00:00,2026-08-13 02:36:07.199938+00:00,2026-08-13 02:36:01.661987+00:00,aa33b93ba49250a9aa0627d96514803bc69338b03bffb4cf1f68a49a908601ba,cleared,1.0,Unknown,True
111,Shooting,NE 43rd St & U Way NE,"University Wy NE & NE 43rd St, Seattle, WA 98105, USA",47.659813,-122.3131781,2022-10-02 08:05:00+00:00,2022-10-02 08:15:00+00:00,2026-08-13 02:36:23.479521+00:00,2026-08-13 02:36:01.826529+00:00,7f27974d49ac5ba1be51617d1bc1c72f4652148b25c4c2671e5f95a67299c433,cleared,1.0,Handgun,True
112,Shooting,4500 block of 21st Avenue NE,"4500 21st Ave NE, Seattle, WA 98105, USA",47.661633,-122.3052651,2025-05-17 08:32:00+00:00,2025-05-17 08:32:00+00:00,2026-08-13 02:36:15.064982+00:00,2026-08-13 02:36:03.770921+00:00,f93ebd5acec544b087f8ff6cd94e9a3d6d57a7a57118aaceb61f5c8c863db50d,active,1.0,Handgun,True
113,Announcement,,,,,,2018-12-28 05:15:00+00:00,2026-08-13 02:36:16.849101+00:00,2026-08-13 02:36:04.170607+00:00,ffde4348f5319d7935586982d502eb1f3c6e08e12406bf36368141f78f4fd021,resolved,,,
114,Other,"Hitchcock Hall, 15th Ave. NE and NE Pacific St.","1605 NE Pacific St #220, Seattle, WA 98195, USA",47.6519174,-122.3115175,,2019-06-11 19:40:00+00:00,2026-08-13 02:36:36.232528+00:00,2026-08-13 02:36:04.600845+00:00,60af866481faec41b969b7b05e247004ffb18f300edd1b4c63d495224bc6454e,cleared,,,
115,Announcement,,,,,,2019-10-16 17:00:00+00:00,2026-08-13 02:36:04.856899+00:00,2026-08-13 02:36:04.856899+00:00,b332be1b96ada321cf94547b3b138d2a6a6c477df961295a67d18a9af4e0a63c,resolved,,,
116,Announcement,,,,,,2024-06-16 22:30:00+00:00,2026-08-13 02:36:14.016172+00:00,2026-08-13 02:36:04.870351+00:00,b2fe2ddf77ec792d856ea1f8a8e7d3fd82c352363f34edbfc5fdb089fca55f5f,resolved,,,
117,Assault,43rd/U Way NE,"University Wy NE & NE 43rd St, Seattle, WA 98105, USA",47.659813,-122.3131781,,2024-02-01 22:11:00+00:00,2026-08-13 02:36:25.038203+00:00,2026-08-13 02:36:05.816115+00:00,f1f1e621939a4434adbd74731fb5e36102e8988ecd8c1fbc97a7d1dcfa221f25,resolved,1.0,Knife,False
118,Robbery,NE 45th Street and 21st Avenue NE,"21st Ave NE & NE 45th St, Seattle, WA 98105, USA",47.6613108,-122.3054899,,2022-01-25 04:40:00+00:00,2026-08-13 02:36:18.838343+00:00,2026-08-13 02:36:06.473002+00:00,253fcaf5017b380247bba053775121180b8ac86bb1d4f44aad7baded3f877989,resolved,2.0,Other Firearm,False
119,Announcement,,,,,,2018-10-29 07:27:00+00:00,2026-08-13 02:36:07.728709+00:00,2026-08-13 02:36:07.728709+00:00,14f37ef909ca7c38bae751dbe20d7a5b558bcfcd562a6ba8959c0481d3e46618,,,,
120,Announcement,,,,,,2019-02-04 05:16:00+00:00,2026-08-13 02:36:20.859924+00:00,2026-08-13 02:36:07.728975+00:00,a4f96de3cbf9c9314a7beea82f5a23f99681bf91e10b825bb8a723b87b7b98d1,,,,
121,Other,Stevens Way at Rainier Vista NE,"Stevens Way & Rainier Vista NE, Seattle, WA 98195, USA",47.65239,-122.30631,,2025-08-20 16:56:00+00:00,2026-08-13 02:36:17.381058+00:00,2026-08-13 02:36:07.807237+00:00,8bc11ccc571232d909965a2f12423150e83c12cb2a1f58f5373b17ca9be03973,cleared,,,
122,Assault,NE 43rd Street and 15th Avenue NE,"15th Ave NE & NE 43rd St, Seattle, WA 98105, USA",47.6597947,-122.3119801,,2018-09-04 09:33:00+00:00,2026-08-13 02:36:15.651390+00:00,2026-08-13 02:36:10.203051+00:00,e7b0d85ac65ffb9b2e155f710c41950652eb566f02dd162e7ccaee497d4f304b,active,,Knife,
123,Assault,N 47th Street in the alleyway between University Way and Brooklyn Avenue NE,"University Wy NE & NE 47th St, Seattle, WA 98105, USA",47.6631027,-122.3131021,2026-07-09 02:00:00+00:00,2026-07-09 02:12:00+00:00,2026-08-13 02:36:16.114300+00:00,2026-08-13 02:36:10.502077+00:00,89ace9d4f15350e2f89bc8badd68e293567608150c68399563ea06721ffaa7f1,active,1.0,Knife,True
124,Assault,east end of Red Square,"4063 Spokane Ln, Seattle, WA 98105, USA",47.6559917,-122.3094694,2024-10-03 22:30:00+00:00,2024-10-03 22:50:00+00:00,2026-08-13 02:36:22.255384+00:00,2026-08-13 02:36:10.970161+00:00,8ab6d3bb002982ba78536ad51f87ccc8789bd8e82db1edef02948135bd98c3f3,active,1.0,Unknown,True
125,Announcement,,,,,,2019-07-26 18:01:40+00:00,2026-08-13 02:36:11.111157+00:00,2026-08-13 02:36:11.111157+00:00,3b4e69963f56e33473342fb4a99cda8ebeaa5469fd448c434f572ad8e60db0e9,active,,,
126,Shooting,42nd Ave NE/Roosevelt,"NE 42nd St, Seattle, WA 98105, USA",47.6591841,-122.2900991,2022-12-24 12:46:00+00:00,2022-12-24 12:57:00+00:00,2026-08-13 02:36:33.285958+00:00,2026-08-13 02:36:13.192293+00:00,69a3bdca88cc97a8a576a743e74da524500285aced8547d275d6ae30d934c94f,cleared,1.0,Handgun,True
127,Robbery,University Way NE and NE 43rd St,"University Wy NE & NE 43rd St, Seattle, WA 98105, USA",47.659813,-122.3131781,,2022-05-24 17:30:00+00:00,2026-08-13 02:36:18.549601+00:00,2026-08-13 02:36:13.286075+00:00,b980878cb44dce5a8420843004bdc75a078d52ac6944251485ab8b1b02c50170,cleared,1.0,Unknown,True
128,Hazardous Materials,"J&K Wing loading dock, Health Sciences Building","1607 NE Pacific St, Seattle, WA 98195, USA",47.6517799,-122.3105364,,2021-01-18 12:54:00+00:00,2026-08-13 02:36:25.190248+00:00,2026-08-13 02:36:13.489360+00:00,ea415a5e5d9c939d6bc7feb2efb0effaac13b87e873828143a7a86396cc3a716,cleared,,,
129,Announcement,,,,,,2022-10-20 08:03:00+00:00,2026-08-13 02:36:14.822563+00:00,2026-08-13 02:36:14.822563+00:00,1723dfd294ee8e28178ee3c111b255f65cef073e10043780775bef942f3f5020,,,,
130,Robbery,Blakeley Village,"4747 30th Ave NE, Seattle, WA 98105, USA",47.6650304,-122.2970772,,2024-01-13 20:20:00+00:00,2026-08-13 02:36:26.433811+00:00,2026-08-13 02:36:16.362684+00:00,8e8365cef20a1463f986b8f30d4b2d9f1def94a2683a3d0f2c1d757322033110,active,2.0,None,True
131,Shooting,NE 47th St & Roosevelt Ave. NE,"Roosevelt Way NE & NE 47th St, Seattle, WA 98105, USA",47.6631233,-122.3174342,,2020-08-30 16:08:00+00:00,2026-08-13 02:36:22.707934+00:00,2026-08-13 02:36:17.226410+00:00,dfa83f7c2381f25eab18a068cf008f9eba230553d06d57e58dd6b92af6d48b14,resolved,,,False
132,Shooting,south of 4300 block of Brooklyn Ave. NE,"4300 Brooklyn Ave NE, Seattle, WA 98105, USA",47.6599822,-122.3139446,,2023-09-03 22:38:00+00:00,2026-08-13 02:36:23.601071+00:00,2026-08-13 02:36:17.962678+00:00,c35568dea425c33e55793a5c5a2d7b3504e3075c4d285cdd43ef3b35f8f54cf1,cleared,1.0,Unknown,True
133,Announcement,Alder Commons,"Alder Hall, 1315 NE Campus Pkwy, Seattle, WA 98105, USA",47.6558487,-122.3139318,,2021-05-06 17:08:00+00:00,2026-08-13 02:36:19.406364+00:00,2026-08-13 02:36:19.406364+00:00,13376a3e68a530501c2c4cdedbd5dced1d570d04e285b4b8205b307ebaa2c0e3,,,,
134,Homicide / Death Investigation,16th Avenue NE and NE 41st Street,"NE 41st St, Seattle, WA 98105, USA",47.658628,-122.2907104,2024-12-18 11:00:00+00:00,2024-12-18 11:17:00+00:00,2026-08-13 02:39:18.748000+00:00,2026-08-13 02:36:20.053725+00:00,6db4f2e14a13b85f0da3ec17ebc4673c17b5dde3622f48290ac8dc9bdf738307,resolved,1.0,Knife,False
135,Announcement,,,,,,2019-02-14 02:33:00+00:00,2026-08-13 02:36:21.929603+00:00,2026-08-13 02:36:21.929603+00:00,cd229cb482caa66544c688fd4e70d196eb714059f31491b9075ecf2848a5d61b,,,,
136,Hazardous Materials,Brooklyn Ave. NE and NE 45th St.,"Brooklyn Ave NE & NE 45th St, Seattle, WA 98105, USA",47.6612896,-122.3143018,,2019-10-14 20:54:00+00:00,2026-08-13 02:37:14.225299+00:00,2026-08-13 02:36:22.233710+00:00,c60ad77b8f1df8ac263511ab7a6388503d98420a64e6076930c0a0d0c2a1780d,resolved,,,
137,Robbery,NE 42nd St and Brooklyn Ave NE,"Brooklyn Ave NE & NE 42nd St, Seattle, WA 98105, USA",47.6583315,-122.3143712,,2022-03-05 00:53:00+00:00,2026-08-13 02:36:28.838987+00:00,2026-08-13 02:36:22.986664+00:00,ea5ec064bfe760901b557efdaf231d0658ac22b6e720798015a655da38d80d03,cleared,1.0,Handgun,
138,Suspicious Activity,Post office near NE 43rd St and University Way NE,"University Wy NE & NE 43rd St, Seattle, WA 98105, USA",47.659813,-122.3131781,,2019-09-20 23:07:00+00:00,2026-08-13 02:36:32.260614+00:00,2026-08-13 02:36:23.077481+00:00,e4be716d10071380e4aca1d69fccfbf6f66a004ddbdea1024316bcf0738364d0,cleared,,,
139,Announcement,,,,,,2018-10-18 15:48:00+00:00,2026-08-13 02:36:23.225259+00:00,2026-08-13 02:36:23.225259+00:00,6e2135c24f590c1675643b7b5fa8c9fbf4e95b105e144683d3041030d1b2a38c,resolved,,,
140,Announcement,near a home north of NE 45th Street and 20th Avenue NE,"20th Ave NE & NE 45th St, Seattle, WA 98105, USA",47.6612734,-122.3065425,,2026-03-17 19:03:00+00:00,2026-08-13 02:36:24.053987+00:00,2026-08-13 02:36:24.053987+00:00,e23c12139983f31acd1c8caf3087f9a8f3114cf6302701895ce9751ad9d13fd0,resolved,,,
141,Announcement,,,,,,2023-04-12 14:12:00+00:00,2026-08-13 02:36:24.387132+00:00,2026-08-13 02:36:24.387132+00:00,99e663ee74c00378fee418e11c89e8564796c20d643b79a9fabf4afa4bfdaf7c,active,,,
142,Assault,NE 43rd Street and University Way NE,"University Wy NE & NE 43rd St, Seattle, WA 98105, USA",47.659813,-122.3131781,,2023-03-23 21:54:00+00:00,2026-08-13 02:38:11.339694+00:00,2026-08-13 02:36:24.607669+00:00,c9ca90fa1e951c299d0723c9eef17797477b2c2440a8efdfe0a55793bc338e64,cleared,,None,True
143,Announcement,,,,,,2022-11-29 16:24:00+00:00,2026-08-13 02:36:27.364585+00:00,2026-08-13 02:36:27.364585+00:00,c99f34d5c6c6430479e462592d3bf9c75f02dd612254aceba4d5db261b310d19,,,,
144,Assault,Padelford Garage,"4110 NE Mason Rd, Seattle, WA 98105, USA",47.6571311,-122.3031491,,2023-03-10 04:24:00+00:00,2026-08-13 02:36:39.188114+00:00,2026-08-13 02:36:27.372287+00:00,c3ad07c8f3a812ca458eda8bc60f87317b6c00d48bb5ca52627bf449c7901f70,active,1.0,Knife,True
145,Announcement,,,,,,2020-01-14 13:54:00+00:00,2026-08-13 02:36:38.561160+00:00,2026-08-13 02:36:27.764706+00:00,15fa0d0c2a2c0514930aeb55f383ee1f119101aab7e93816d3eb51c2bf87f685,active,,,
146,Announcement,,,,,,2018-08-24 07:06:00+00:00,2026-08-13 02:36:40.108022+00:00,2026-08-13 02:36:30.071177+00:00,a6c40b7d773a0f8ba0b3f1e7b0aeb3b53e15aef93de4d55f278a5021017ae605,resolved,,,
147,Assault,Portage Bay Garage,"Portage Bay Garage, 3745 15th Ave NE, Seattle, WA 98105, USA",47.6530427,-122.3139075,,2022-10-18 18:57:00+00:00,2026-08-13 02:36:37.637233+00:00,2026-08-13 02:36:30.425203+00:00,931f04993007fc76f8be4ca8a92f0288742c50dd7f4ff0d6641d649146df0892,active,1.0,Knife,True
148,Medical Emergency,Drumheller Fountain,"Seattle, WA 98195, USA",47.6538254,-122.3078057,,2019-02-06 11:17:00+00:00,2026-08-13 02:36:35.351521+00:00,2026-08-13 02:36:30.711351+00:00,d88b52ff6d674741d03ec5e2e7c1958ac88a2ebdcc14af9d7e81f7838f140a1a,cleared,,,
149,Announcement,Husky Union Building (HUB),"4001 E Stevens Way NE, Seattle, WA 98195, USA",47.6553893,-122.3050844,,2026-01-12 18:15:00+00:00,2026-08-13 02:36:37.703142+00:00,2026-08-13 02:36:30.999351+00:00,9dc5e4af4a6990be77a807cc999075844207d942494a4636e1d1c6db98ed0229,resolved,,,
150,Robbery,"Key Bank, NE 45th St. and Brooklyn Ave. NE","4700 Brooklyn Ave NE Ste B, Seattle, WA 98105, USA",47.6635196,-122.3139066,,2020-01-28 13:36:00+00:00,2026-08-13 02:36:36.610037+00:00,2026-08-13 02:36:31.095011+00:00,266041963edbb87ce2e344466b3b87bbb394e582f0508f6766d903bb2d921132,cleared,1.0,Handgun,True
151,Shooting,Maple Hall,"1135 NE Campus Pkwy, Seattle, WA 98105, USA",47.6558299,-122.316156,2025-05-10 00:00:00+00:00,2025-05-10 00:22:00+00:00,2026-08-13 02:36:36.943604+00:00,2026-08-13 02:36:32.102085+00:00,e1793aa61ebf016143b9d14e31ca9e86f29da959ede8766c82df7c2712c310c5,cleared,,Unknown,True
152,Announcement,University Way NE between 45th Street and 47th Street,"University Wy NE, Seattle, WA 98105, USA",47.6623124,-122.3131126,,2023-07-14 17:09:00+00:00,2026-08-13 02:36:38.801371+00:00,2026-08-13 02:36:32.992687+00:00,17d63f4cef14d08304970db6e4c1d30a891c7f1f8bd6cf0e6e9414d0544c5414,cleared,1.0,,False
153,Shooting,NE 45th Street and University Way,"University Wy NE & NE 45th St, Seattle, WA 98105, USA",47.6612763,-122.3131354,,2026-07-02 09:19:00+00:00,2026-08-13 02:38:21.742533+00:00,2026-08-13 02:36:33.791560+00:00,2ab26f0b004015124668b32444be765b94222bd61c056c07ad78ec531b00ea5d,active,1.0,Unknown,True
154,Hazardous Materials,"N22 parking lot, north of the HUB","Parking Area N22, 4062 E Stevens Way NE, Seattle, WA 98105, USA",47.6563121,-122.3050532,,2019-08-01 17:20:00+00:00,2026-08-13 02:38:08.510856+00:00,2026-08-13 02:36:33.952703+00:00,2aec426457ccfea564dce570ed4c0c0e030bebc96020a1c5c7d8e8eb890d1e0c,cleared,,,
155,Announcement,,,,,,2025-02-05 19:10:00+00:00,2026-08-13 02:36:34.360929+00:00,2026-08-13 02:36:34.360929+00:00,b8a9f846ab99e46038055123c4160ea30f8ab0be6cddd1de98901fdd3f7dffbd,resolved,,,
156,Robbery,Drumheller Fountain,"Seattle, WA 98195, USA",47.6538254,-122.3078057,2024-05-27 17:45:00+00:00,2024-05-27 18:18:00+00:00,2026-08-13 02:36:44.085837+00:00,2026-08-13 02:36:34.493111+00:00,faa02ad500c9e0ae62e5ef3c3fe447f48a839f88541d4811a2a60f9dd765ae27,active,2.0,None,True
157,Hazardous Materials,Paul G. Allen Center for Computer Science & Engineering,"185 E Stevens Way NE, Seattle, WA 98195, USA",47.6533298,-122.3056954,,2021-10-28 18:30:00+00:00,2026-08-13 02:38:02.555574+00:00,2026-08-13 02:36:35.642943+00:00,66f12f3c9841d89737ad28576e4438a33a5b5756fea3f89f8985126949ce39bd,cleared,,,
158,Announcement,,,,,,2019-02-14 02:33:00+00:00,2026-08-13 02:36:55.035232+00:00,2026-08-13 02:36:36.602966+00:00,,,,,
159,Robbery,NE 42nd Street and University Way NE,"University Wy NE & NE 42nd St, Seattle, WA 98105, USA",47.6583193,-122.3132181,,2022-01-16 08:32:00+00:00,2026-08-13 02:36:42.948162+00:00,2026-08-13 02:36:37.301120+00:00,7090307f3d18985faf1b349331c67d9e33521583e79634e5733a176e21b28c75,cleared,2.0,Handgun,
160,Announcement,,,,,,2022-04-20 22:12:00+00:00,2026-08-13 02:36:46.001854+00:00,2026-08-13 02:36:37.731160+00:00,03a49c2abc62b7da5caade870663bb069786f5e23aabbfa363d04f1de11c7864,resolved,,,
161,Announcement,,,,,,2019-02-12 01:58:00+00:00,2026-08-13 02:36:37.802763+00:00,2026-08-13 02:36:37.802763+00:00,feb4a37164bc3742ff21d8e0146774ef5f6e7c763b24a86e189de20fc84a90ee,,,,
162,Announcement,"Stevens Court, Nordheim Court, Blakeley Village and Laurel Village","3801 Brooklyn Ave NE, Seattle, WA 98105, USA",47.6544842,-122.316196,,2018-12-27 16:01:00+00:00,2026-08-13 02:38:02.602878+00:00,2026-08-13 02:36:38.389069+00:00,03973deba65d8af4afa1409f10c8c684984d39e42ef76cc300bebe6592f3545e,resolved,,,
163,Shooting,17th and 45th,"17th Ave NE & NE 45th St, Seattle, WA 98105, USA",47.6612716,-122.3095482,,2025-07-31 19:18:00+00:00,2026-08-13 02:38:18.814980+00:00,2026-08-13 02:36:38.665628+00:00,7039fdc62ea7c3e7b82fad664b04018636035d491af0c93ca588ba7eb61b4e8d,cleared,1.0,Unknown,True
164,Shooting,NE 43rd St. and University Way NE,"University Wy NE & NE 43rd St, Seattle, WA 98105, USA",47.659813,-122.3131781,2019-01-25 21:35:00+00:00,2019-01-25 21:45:00+00:00,2026-08-13 02:38:01.675895+00:00,2026-08-13 02:36:38.665840+00:00,ad3feb136b95adf494b3cee802d30f6d05095d029214321bc27eaf2bec658951,cleared,,Unknown,
165,Announcement,,,,,,2020-05-31 22:46:00+00:00,2026-08-13 02:36:39.188436+00:00,2026-08-13 02:36:39.188436+00:00,63baa7ddee31b77739034d7dce82edc70f7a1cc25c89fcdc58ce9a2138d0c14c,,,,
166,Robbery,U Way NE and NE 47th St,"University Wy NE & NE 47th St, Seattle, WA 98105, USA",47.6631027,-122.3131021,,2020-08-28 17:53:00+00:00,2026-08-13 02:38:02.973538+00:00,2026-08-13 02:36:39.580210+00:00,a5879c07e7f0fc3882f9d43a1b34baf9ee1c9aefa283c3621b7602fb649bb0ba,active,1.0,Unknown,True
167,Robbery,C10 parking lot just south of Anderson Hall,"Anderson Hall (And), Seattle, WA 98105, USA",47.6517622,-122.3075402,,2026-02-15 09:24:00+00:00,2026-08-13 02:37:03.726375+00:00,2026-08-13 02:36:40.648923+00:00,9a2f277bbd38da18e2b13c655279d5bf6d76ebbf7265e76ba68d1782845600bc,active,1.0,None,True
168,Announcement,NE 45th St/19th Ave NE,"19th Ave NE & NE 45th St, Seattle, WA 98105, USA",47.6612755,-122.3072661,,2022-09-12 19:52:00+00:00,2026-08-13 02:38:08.544429+00:00,2026-08-13 02:36:41.977999+00:00,9b78e2fb4faca02325589ab468c9d7bfc0dd46c6622d9bf2aeeddffd9ec84868,cleared,,,
169,Robbery,47th Street NE and University Way,"University Wy NE & NE 47th St, Seattle, WA 98105, USA",47.6631027,-122.3131021,2025-06-02 23:15:00+00:00,2025-06-02 23:27:00+00:00,2026-08-13 02:38:01.598308+00:00,2026-08-13 02:36:42.898092+00:00,47462789b275201d66116b3d23241e00d4402f3ad7b3d46644f7c92b940ce1a2,active,1.0,Handgun,True
170,Shooting,Center for Urban Horticulture,"3501 NE 41st St, Seattle, WA 98105, USA",47.6575198,-122.2900402,,2022-11-18 22:36:00+00:00,2026-08-13 02:38:26.949815+00:00,2026-08-13 02:36:42.932983+00:00,4a4eea6ceede497c293118e07f34e6cc6ba2344d75fae9c234e688c1de4ccdd0,active,3.0,Handgun,True
171,Assault,43rd & University Way,"University Wy NE & NE 43rd St, Seattle, WA 98105, USA",47.659813,-122.3131781,2024-01-27 22:00:00+00:00,2024-01-27 22:00:00+00:00,2026-08-13 02:38:06.813857+00:00,2026-08-13 02:36:43.252547+00:00,ea0df50619aedb0343152b81381f5ee807ee802bbba988fb7eecf701e659e98e,active,2.0,,True
172,Robbery,University Way and NE 43rd Street,"University Wy NE & NE 43rd St, Seattle, WA 98105, USA",47.659813,-122.3131781,2024-04-27 03:05:00+00:00,2024-04-27 03:18:00+00:00,2026-08-13 02:38:07.270341+00:00,2026-08-13 02:36:44.039015+00:00,52c13823c66414245d2da980a42a60054cdd8755b1577ce3a052c349cfbc90f1,active,2.0,Handgun,True
173,Other,Mountlake Boulevard just north of the Intramural Activities Building (IMA),"1410 NE Campus Pkwy, Seattle, WA 98195, USA",47.6565919,-122.3126783,,2024-01-09 14:45:00+00:00,2026-08-13 02:38:06.231295+00:00,2026-08-13 02:36:44.955628+00:00,c4a78c9adfa1c6614c00e8a34ab518e636dc34d5d1db1e2e89da97f7fb24febb,cleared,,,
174,Announcement,,,,,,2025-02-03 15:16:00+00:00,2026-08-13 02:36:53.014021+00:00,2026-08-13 02:36:53.014021+00:00,c2a3a8ef7ceeae344bcf284fd54468c003ccc719cd0e2dc414c8304201c1aaa8,,,,
175,Suspicious Person,NE 45th St. and University Way NE,"University Wy NE & NE 45th St, Seattle, WA 98105, USA",47.6612763,-122.3131354,,2019-09-19 10:51:00+00:00,2026-08-13 02:38:12.139707+00:00,2026-08-13 02:38:05.700448+00:00,1940d0a215d5210fec1de62d1cf5ab7fe425805bc72f403132864ecbb9c4787d,cleared,2.0,None,
176,Robbery,4500 block of Roosevelt Way NE,"4500 Roosevelt Way NE, Seattle, WA 98105, USA",47.6615126,-122.3171002,2020-01-22 20:20:00+00:00,2020-01-22 20:31:00+00:00,2026-08-13 02:38:14.207489+00:00,2026-08-13 02:38:08.575098+00:00,dfce180e8a4deeb3a58895d33ccf7687792d5bdf56f03482b84fb956ac3bda34,cleared,1.0,Other Firearm,True
177,Hazardous Materials,Fluke Hall,"Fluke Hall (FLK), 4045 NE Mason Rd, Seattle, WA 98105, USA",47.6558252,-122.3032192,2019-05-21 13:00:00+00:00,2019-05-21 13:22:00+00:00,2026-08-13 02:38:08.755504+00:00,2026-08-13 02:38:08.755504+00:00,2bb9a6292f53e3972c9b4b2029d25b0cbd9482b5e641fce0c88409be2f98f384,resolved,,,
178,Assault,4700 block of Brooklyn Avenue,"4700 Brooklyn Ave NE, Seattle, WA 98105, USA",47.6633629,-122.3139112,2025-10-25 17:10:00+00:00,2025-10-25 17:20:00+00:00,2026-08-13 02:38:21.432846+00:00,2026-08-13 02:38:09.262403+00:00,a6ca2fdd9b467d0eb07cc434dc3cd1ad0950ad3383067012b4baf22bd0f3d21b,active,1.0,Knife,True
179,Announcement,,,,,,2019-02-06 01:07:00+00:00,2026-08-13 02:38:20.640134+00:00,2026-08-13 02:38:09.801290+00:00,fd9283e21410112496a143f5798f721fc81092c12e61fb42afdc8ac091105532,,,,
180,Announcement,,,,,,2020-05-31 00:30:00+00:00,2026-08-13 02:38:26.338876+00:00,2026-08-13 02:38:12.732499+00:00,86c1bbb7c81fe62636029ce61b34cf288c7c51e681c36141a635f4a6a6b76d57,,,,
181,Robbery,4700 block of University Way,"4700 University Wy NE, Seattle, WA 98105, USA",47.6632344,-122.3129254,2023-06-01 02:15:00+00:00,2023-06-01 02:28:00+00:00,2026-08-13 02:38:29.612646+00:00,2026-08-13 02:38:15.145385+00:00,7dd025d80c444ae90570b6b4665dbc56ab04b475a010d6d64fc5a14f5d6ebb43,cleared,4.0,Handgun,True
182,Fire,7th Avenue NE and NE 40th Street,"NE 40th St & 7th Ave NE, Seattle, WA 98105, USA",47.6559134,-122.3208597,,2023-11-20 20:56:00+00:00,2026-08-13 02:38:20.913015+00:00,2026-08-13 02:38:16.191728+00:00,1dfc1af5545457fd86e8a09e0b5eedd4e2834530a4d9392e06d4c7f1016c05d5,cleared,,,
183,Announcement,,,,,,2022-12-20 01:05:00+00:00,2026-08-13 02:38:48.231585+00:00,2026-08-13 02:38:17.335652+00:00,80e72e57d3c9ab09d094c217a19e30f93cc11a25bf3f6c5deef9a0b0b0ae866c,,,,
184,Suspicious Activity,north area of campus,"4340 Little Canoe Channel NE, Seattle, WA 98105, USA",47.659729,-122.3047954,,2019-01-22 15:21:30+00:00,2026-08-13 02:38:25.961053+00:00,2026-08-13 02:38:19.694881+00:00,1007851f2d1a23f5a1f8f77976adacafd1a6cc0c7aa5d7896808cc5fae868c76,resolved,,,
185,Announcement,,,,,,2020-01-12 23:01:00+00:00,2026-08-13 02:38:32.142657+00:00,2026-08-13 02:38:22.232233+00:00,3fc4eaff65e2b2b46310951928186beecb4a4e7a6d404bbeb3e690add153458a,resolved,,,
186,Shooting,1600 block of NE 50th Street,"1600 NE 50th St, Seattle, WA 98105, USA",47.6648884,-122.3108112,2024-04-16 11:25:00+00:00,2024-04-16 11:50:00+00:00,2026-08-13 02:38:29.856196+00:00,2026-08-13 02:38:25.232596+00:00,757f11eeacdbfa92043efcd9c23232e0e4e396c81f7b4bca8d92d4eebb424cc1,active,1.0,Handgun,True
187,Fire,west of Center for Urban Horticulture,"3501 NE 41st St, Seattle, WA 98105, USA",47.6575198,-122.2900402,,2022-09-02 17:08:00+00:00,2026-08-13 02:38:36.964318+00:00,2026-08-13 02:38:25.322554+00:00,b3ec80d5d7b77b8da3b8ddafecdd995fcf69a81eecaeb20307d121bc3b030b5e,cleared,,,
188,Fire,"Northlake Way, Seattle","NE Northlake Way, Seattle, WA, USA",47.654028,-122.3232047,2023-03-22 09:00:00+00:00,2023-03-22 17:19:00+00:00,2026-08-13 02:38:39.873918+00:00,2026-08-13 02:38:33.603067+00:00,d145f1ade3383fcceaeb8c4ed14165d051690fab144025ed33b80b15c9717258,resolved,,,
189,Announcement,,,,,,2026-08-04 01:00:00+00:00,2026-08-13 02:38:44.937193+00:00,2026-08-13 02:38:35.764784+00:00,ed6e5a005dbc312a9bb6cd71ce16d9daaa690f160d7236c1fd6d40bfc8e7dffb,cleared,,,
190,Announcement,,,,,,2023-11-11 10:48:00+00:00,2026-08-13 02:38:36.796137+00:00,2026-08-13 02:38:36.796137+00:00,0c9c774d80994ccd0a43be3beb9e9e6f08209e110040630ce28ffe52c0de4cfa,active,,,
191,Hazardous Materials,Fluke Hall,"Fluke Hall (FLK), 4045 NE Mason Rd, Seattle, WA 98105, USA",47.6558252,-122.3032192,,2026-08-02 17:23:00+00:00,2026-08-13 02:39:07.148467+00:00,2026-08-13 02:39:01.685652+00:00,d61b95bf186c9c71e8671e1b12cf496d2eb385945fa799f3d019962dc8a11876,resolved,,,
192,Robbery,4500 block of 19th Avenue NE,"4500 19th Ave NE, Seattle, WA 98105, USA",47.6612755,-122.3072661,2024-12-10 22:15:00+00:00,2024-12-10 22:15:00+00:00,2026-08-13 02:39:53.999985+00:00,2026-08-13 02:39:39.851834+00:00,b1cc18564350f11aaa3dbe78ccebbb3a1a8ce54092d9554f17fed38df1b21ecd,cleared,3.0,Handgun,True
193,Announcement,,,,,2026-05-07 20:00:00+00:00,2026-05-07 21:10:00+00:00,2026-08-13 02:45:18.978796+00:00,2026-08-13 02:41:35.513537+00:00,3bb97d2bb4eb171666587128229d100af3c9264a7630d2576d9decedf5c0cf96,resolved,,,
194,Hazardous Materials,central area of campus,"4290 Little Canoe Channel NE, Seattle, WA 98195, USA",47.6592919,-122.3036658,,2026-05-01 16:35:00+00:00,2026-08-13 02:45:50.418256+00:00,2026-08-13 02:45:40.696723+00:00,cf49b743eeea88e7bce8df2e12167f1e99192cb21ecf1493b44822f5faeaa3e3,resolved,,,
